contributor_address,contributor_city,contributor_state,contributor_zip_code,rec_id
,Tustin,CA,92780,2581
,Sacramento,CA,95815,2546
,Los Angeles,CA,90017,2546
,Los Angeles,CA,90066,2546
,Los Angeles,CA,90020,2546
,San Bernardino,CA,92405,2546
,Arcadia,CA,91007,2546
,El Segundo,CA,90245,2546
,Los Angeles,CA,90007,2546
,Los Angeles,CA,90010,2546
,Long Beach,CA,90802,2546
,Los Angeles,CA,90027,2546
,Inglewood,CA,90303,2546
,Phoenix,AZ,85012,2546
,Los Angeles,CA,90049,2546
,Los Angeles,CA,90036,2546
,Hawthorne,CA,90250,2546
,San Jose,CA,95122,2546
,Los Angeles,CA,90033,2546
,San Francisco,CA,94107,2546
,Los Angeles,CA,90017,2546
,Westlake Village,CA,91361,2546
,Burlington,NC,27215,2546
,Woodland Hills,CA,91367,2546
,Los Angeles,CA,90021,2546
,Los Angeles,CA,90017,2546
,Vernon,CA,90058,2546
,Los Angeles,CA,90010,2546
,Los Angeles,CA,90021,2546
,Los Angeles,CA,90010,2546
,Long Beach,CA,90810,2546
,Los Angeles,CA,90015,2546
,Los Angeles,CA,90020,2546
,Los Angeles,CA,90015,2546
,Los Angeles,CA,90021,2546
,Los Angeles,CA,90010,2546
,Los Angeles,CA,90023,2546
,El Segundo,CA,90245,2546
,Fort Worth,TX,76131,2546
,Bakersfield,CA,93308,2546
,New York,NY,10017,2546
,Los Angeles,CA,90010,2546
,Los Angeles,CA,90019,2546
,Los Angeles,CA,90011,2546
,Los Angeles,CA,90019,2546
,Los Angeles,CA,90019,2546
,Los Angeles,CA,90019,2546
,Roseville,CA,95661,2546
,Long Beach,CA,90802,2546
,Los Angeles,CA,90010,2546
,Culver City,CA,90232,2546
,Los Angeles,CA,90020,2546
,Los Angeles,CA,90006,2546
,Los Angeles,CA,90046,2546
,Long Beach,CA,90806,2546
,Los Angeles,CA,90010,2546
,Los Angeles,CA,90019,2546
,Los Angeles,CA,90019,2546
,Los Angeles,CA,90010,2546
,Los Angeles,CA,90019,2546
,Woodland Hls,CA,91364,2546
,Los Angeles,CA,90056,2546
,South Pasadena,CA,91030,2546
,Los Angeles,CA,90049,2546
,San Antonio,TX,78249,2546
,Los Angeles,CA,90017,2546
,Bloomington,CA,92316,2546
,Downey,CA,90241,2546
,Los Angeles,CA,90071,2546
,Upland,CA,91786,2546
,Los Angeles,CA,90008,2546
,Lutz,FL,33558,2546
,Signal Hill,CA,90755,2546
,Los Angeles,CA,90065,2546
,Long Beach,CA,90802,2546
,Washington,DC,20006,2546
,Los Angeles,CA,90005,2546
,Chatsworth,CA,91311,2546
,Los Angeles,CA,90013,2546
,Pasadena,CA,91101,2546
,Buena Park,CA,90620,2546
,Los Angeles,CA,90046,2546
,Los Angeles,CA,90049,2546
,Los Angeles,CA,90069,2546
,Chicago,IL,60606,2546
,Los Angeles,CA,90036,2546
,Miami Beach,FL,33139,2546
,Long Beach,CA,90806,2546
,Long Beach,CA,90806,2546
,La Crescenta,CA,91214,2546
,Long Beach,CA,90806,2546
,Sherman Oaks,CA,91403,2546
,Long Beach,CA,90806,2546
,Buena Park,CA,90620,2546
,Woodland Hills,CA,91367,2546
,Los Angeles,CA,90025,2546
,Seal Beach,CA,90740,2546
,Los Angeles,CA,90010,2546
,Los Angeles,CA,90034,2546
,Sacramento,CA,95814,2578
,Sacramento,CA,95814,2578
,Burbank,CA,91505,2578
,Sacramento,CA,95814,2578
,Sacramento,CA,95814,2578
,Calabasas,CA,91302,2546
,Los Angeles,CA,90071,2546
,Los Angeles,CA,90017,2546
,Los Angeles,CA,90027,2546
,Sacramento,CA,95814,2578
,Sacramento,CA,95814,2578
,Sacramento,CA,95814,2578
,Sacramento,CA,95814,2578
,Sacramento,CA,95814,2578
,Sacramento,CA,95816,2578
,Valley Springs,CA,95252,2578
,Valley Springs,CA,95252,2578
,San Rafael,CA,94901,2578
,Sacramento,CA,95834,2578
,Sacramento,CA,95833,2578
,Sacramento,CA,95814,2578
,Sacramento,CA,95814,2578
,Los Angeles,CA,90020,2578
,Sacramento,CA,95814,2578
,Sacramento,CA,95814,2578
,Burbank,CA,91505,2578
,Sacramento,CA,95814,2578
,Los Angeles,CA,90071,2578
,Sacramento,CA,95814,2578
,Sacramento,CA,95814,2578
,Gardena,CA,90248,2578
,Los Angeles,CA,90010,2578
,Sacramento,CA,95814,2578
,Orange,CA,92868,2578
,Sacramento,CA,95814,2578
,Sacramento,CA,95814,2578
,Sacramento,CA,95814,2578
,Sacramento,CA,95814,2578
,Burlingame,CA,94010,2578
,Sacramento,CA,95814,2578
,Los Angeles,CA,90005,2566
,Los Angeles,CA,90005,2566
,Los Angeles,CA,90005,2566
,Los Angeles,CA,90010,2566
,Los Angeles,CA,90010,2566
,Los Angeles,CA,90005,2566
,Torrance,CA,90515,2566
,Los Angeles,CA,90010,2566
,Irvine,CA,92606,2566
,Los Angeles,CA,90010,2566
,Santa Fe Springs,CA,90670,2566
,Los Angeles,CA,90010,2566
,Los Angeles,CA,90023,2566
,Los Angeles,CA,90006,2566
,Los Angeles,CA,90006,2566
,Los Angeles,CA,90017,2566
,Los Angeles,CA,90057,2566
,Los Angeles,CA,90057,2566
,Draper,UT,84020,2578
,New York,NY,10036,2578
,Dallas,TX,75201,2578
,Seattle,WA,98104,2578
,Seattle,WA,98104,2578
,Canoga Park,CA,91303,2578
,Hartford,CT,6156,2578
,Oakland,CA,94612,2578
,Palm Springs,CA,92264,2578
,San Francisco,CA,94105,2578
,Northbrook,IL,60062,2578
,Sacramento,CA,95814,2578
,Los Angeles,CA,90017,2578
,Sacramento,CA,95814,2578
,San Rafael,CA,94901,2578
,Washington,DC,20036,2578
,Sacramento,CA,95814,2578
,Sacramento,CA,95814,2578
,Granite Bay,CA,95746,2578
,Alexandria,VA,22303,2578
,Sacramento,CA,95814,2578
,Cincinnati,OH,45209,2578
,Wilmington,DE,19850,2578
,Wilmington,DE,19850,2578
,Sacramento,CA,95814,2578
,Sacramento,CA,95814,2578
,Deerfield,IL,60015,2578
,Deerfield,IL,60015,2578
,San Francisco,CA,94105,2578
,Fort Worth,TX,76131,2578
,Sacramento,CA,95814,2578
,Inglewood,CA,90301,2578
,Sacramento,CA,95814,2578
,Sacramento,CA,95814,2578
,Wilmington,DE,19884,2578
,Richmond,CA,94804,2578
,San Diego,CA,92119,2578
,Oakland,CA,94607,2578
,Oakland,CA,94612,2578
,New York,NY,10154,2578
,Orinda,CA,94563,2578
,San Jose,CA,95112,2578
,Sacramento,CA,95811,2578
,Sacramento,CA,95814,2578
,Sacramento,CA,95814,2578
,Inglewood,CA,90301,2578
,San Francisco,CA,94109,2578
,San Francisco,CA,94109,2578
,Sacramento,CA,95814,2578
,Sacramento,CA,95814,2578
,Sacramento,CA,95814,2578
,San Rafael,CA,94901,2578
,Sacramento,CA,95814,2578
,Sacramento,CA,95816,2578
,Sacramento,CA,95818,2578
,Sacramento,CA,95814,2578
,Sacramento,CA,95814,2578
,Sacramento,CA,95814,2578
,Sacramento,CA,95828,2578
,Sacramento,CA,95814,2578
,Sacramento,CA,95814,2578
,Houston,TX,77002,2578
,Reston,VA,20191,2578
,Woonsocket,RI,2895,2578
,Los Angeles,CA,90025,2578
,New York,NY,10019,2578
,Nashville,TN,37215,2578
,Summit,NJ,7901,2578
,Saint Louis,MO,63105,2578
,West Hollywood,CA,90069,2578
,Saint Louis,MO,63131,2578
,Philadelphia,PA,19192,2578
,Sacramento,CA,95814,2578
,Sacramento,CA,95815,2578
,Sacramento,CA,95814,2578
,Sacramento,CA,95814,2578
,Oakland,CA,94618,2578
,Sacramento,CA,95814,2578
,Sacramento,CA,95841,2578
,Philadelphia,PA,19103,2578
,Atlanta,GA,30350,2578
,Tampa,FL,33634,2578
,Tampa,FL,33634,2578
,San Diego,CA,92111,2578
,San Diego,CA,92111,2578
,Culver City,CA,90232,2578
,Pasadena,CA,91107,2578
,Los Angeles,CA,90017,2578
,Del Mar,CA,92014,2578
,Detroit,MI,48275,2578
,Sacramento,CA,95821,2578
,Los Angeles,CA,90017,2578
,Sacramento,CA,95814,2578
,Los Angeles,CA,90039,2578
,Los Angeles,CA,90034,2578
,Los Angeles,CA,90059,2578
,San Mateo,CA,94403,2578
,Sacramento,CA,95814,2578
,San Francisco,CA,94111,2578
,Sacramento,CA,95814,2578
,Irvine,CA,92606,2578
,Los Angeles,CA,90046,2578
,Sacramento,CA,95841,2578
,Washington,DC,20001,2578
,New York,NY,10018,2578
,Indianapolis,IN,46285,2578
,Menlo Park,CA,94025,2578
,La Jolla,CA,92037,2578
,Woodland Hills,CA,91367,2578
,Scottsdale,AZ,85258,2578
,Los Angeles,CA,90034,2578
,Los Angeles,CA,90067,2578
,Saint Louis,MO,63105,2578
,Sacramento,CA,95811,2578
,Sacramento,CA,95814,2578
,San Rafael,CA,94901,2578
,Encino,CA,91436,2578
,Elk Grove,CA,95624,2578
,Pleasant Hill,CA,94523,2578
,South San Francisco,CA,94080,2578
,Irvine,CA,92618,2578
,Foster City,CA,94404,2578
,Washington,DC,20001,2578
,Los Angeles,CA,90010,2578
,Sacramento,CA,95816,2578
,Fresno,CA,93711,2578
,Los Angeles,CA,90015,2578
,Long Beach,CA,90807,2578
,Washington,DC,20001,2578
,Long Beach,CA,90802,2578
,Los Angeles,CA,90067,2578
,Los Angeles,CA,90008,2578
,Colorado Springs,CO,80919,2578
,Burlingame,CA,94010,2578
,New York,NY,10010,2578
,Sacramento,CA,95815,2578
,Burbank,CA,91505,2578
,Santa Monica,CA,90404,2578
,San Diego,CA,92129,2578
,Washington,DC,20005,2578
,Montebello,CA,90640,2578
,Los Angeles,CA,90046,2578
,Pasadena,CA,91101,2578
,Granite Bay,CA,95746,2578
,Hanover,MD,21076,2578
,Long Beach,CA,90807,2578
,Washington,DC,20004,2578
,Los Angeles,CA,90017,2578
,Oakland,CA,94604,2578
,Sherman Oaks,CA,91411,2578
,Pomona,CA,91766,2578
,Pomona,CA,91766,2578
,Rancho Cucamonga,CA,91701,2578
,Beverly Hills,CA,90212,2578
,Los Angeles,CA,90017,2578
,Los Angeles,CA,90022,2578
,Los Angeles,CA,90045,2578
,San Bernardino,CA,92408,2578
,Irvine,CA,92602,2578
,Sacramento,CA,95814,2578
,Boston,MA,2116,2578
,Sacramento,CA,95815,2578
,Santa Ana,CA,92705,2578
,Washington,DC,20004,2578
,Sacramento,CA,95816,2578
,Columbia,MD,21046,2578
,Sacramento,CA,95814,2578
,Sacramento,CA,95841,2578
,Whitehouse Station,NJ,8889,2578
,Banning,CA,92220,2578
,Bellevue,WA,98004,2578
,Juno Beach,FL,33408,2578
,Los Angeles,CA,90017,2578
,Fort Worth,TX,76134,2578
,Arcadia,CA,91007,2578
,Salina,CA,93901,2578
,Sherman Oaks,CA,91403,2578
,Sacramento,CA,95814,2578
,Sacramento,CA,95815,2578
,Torrance,CA,90503,2578
,Newport Beach,CA,92660,2578
,Pasadena,CA,91106,2578
,Los Angeles,CA,90038,2578
,Temecula,CA,92592,2578
,Purchase,NY,10577,2578
,Purchase,NY,10577,2578
,Memphis,TN,38115,2578
,San Francisco,CA,94105,2578
,Los Angeles,CA,90035,2578
,Altadena,CA,91001,2578
,Sacramento,CA,95814,2578
,Granite Bay,CA,95746,2578
,Washington,DC,20001,2578
,Sacramento,CA,95814,2578
,San Francisco,CA,94111,2578
,Ontario,CA,91764,2578
,Valley Center,CA,92082,2578
,Camp Hill,PA,17011,2578
,Camp Hill,PA,17011,2578
,Sacramento,CA,95814,2578
,Encino,CA,91436,2578
,Sacramento,CA,95814,2578
,Sacramento,CA,95814,2578
,Sacramento,CA,95814,2578
,Washington,DC,20001,2578
,Encinitas,CA,92024,2578
,San Jose,CA,95113,2578
,Modesto,CA,95353,2578
,Modesto,CA,95353,2578
,Salinas,CA,93906,2578
,Los Angeles,CA,90071,2578
,Los Angeles,CA,90071,2578
,Santa Ynez,CA,93460,2578
,Sacramento,CA,95815,2578
,Sacramento,CA,95814,2578
,Sacramento,CA,95815,2578
,Bridgewater,NJ,8807,2578
,Bridgewater,NJ,8807,2578
,San Diego,CA,92101,2578
,Stevens Point,WI,54481,2578
,Stevens Point,WI,54481,2578
,Placerville,CA,95667,2578
,San Francisco,CA,94109,2578
,San Francisco,CA,94109,2578
,West Hills,CA,91304,2578
,Los Angeles,CA,90017,2578
,Culver City,CA,90232,2578
,Culver City,CA,90232,2578
,West Hollywood,CA,90069,2578
,Sacramento,CA,95814,2578
,Sacramento,CA,95814,2578
,Sacramento,CA,95815,2578
,Sacramento,CA,95814,2578
,Los Angeles,CA,90057,2578
,Sacramento,CA,95814,2578
,Sacramento,CA,95815,2578
,Los Angeles,CA,90020,2578
,Los Angeles,CA,90067,2578
,El Cajon,CA,92019,2578
,Dallas,TX,75202,2578
,Draper,UT,84020,2578
,Sacramento,CA,95814,2578
,Sacramento,CA,95814,2578
,New York,NY,10004,2578
,Los Alngeles,CA,90045,2578
,Orlando,FL,32830,2578
,Woodland Hills,CA,91367,2578
,Huntington Beach,CA,92647,2578
,Santa Ana,CA,92706,2578
,Charlotte,NC,28217,2578
,Bellevue,WA,98006,2578
,Sacramento,CA,95841,2578
,Arlington,VA,22202,2578
,Napa,CA,94558,2578
,Napa,CA,94558,2578
,San Francisco,CA,94105,2578
,Commerce,CA,90023,2578
,San Antonio,TX,78288,2578
,San Antonio,TX,78288,2578
,San Antonio,TX,78288,2578
,Minnetonka,MN,55343,2578
,Sacramento,CA,95834,2578
,Washington,DC,20004,2578
,San Francisco,CA,94105,2578
,Deerfield,IL,60015,2578
,Burbank,CA,91522,2578
,Sacramento,CA,95814,2578
,Los Angeles,CA,90004,2578
,Pico Rivera,CA,90660,2578
,Buena Park,CA,90620,2578
,Sacramento,CA,95814,2578
,Los Angeles,CA,90049,2578
,Trinidad,CA,95570,2578
,Orange,CA,92868,2578
,Beverly Hills,CA,90210,2578
,Sacramento,CA,95834,2578
,Minneapolis,MN,55402,2578
,Sacramento,CA,95811,2578
,Sacramento,CA,95811,2578
,Sacramento,CA,95814,2578
,Oakland,CA,94618,2578
,Los Angeles,CA,90017,2578
,Sacramento,CA,95814,2578
,Los Angeles,CA,90021,2580
,Los Angeles,CA,90021,2580
,Los Angeles,CA,90049,2580
,WEST HOLLYWOOD,CA,90069,2580
,Los Angeles,CA,90021,2580
,Los Angeles,CA,90021,2580
,Los Angeles,CA,90025,2580
,Agoura Hills,CA,91301,2580
,Seattle,WA,98134,2580
,Calabasas,CA,91302,2580
,Inglewood,CA,90302,2580
,Canyon Lake,CA,92587,2580
,Los Angeles,CA,90016,2580
,Los Angeles,CA,90014,2580
,Los Angeles,CA,90012,2580
,Los Angeles,CA,90012,2580
,Beverly Hills,CA,90212,2580
,Pasadena,CA,91101,2580
,Los Angeles,CA,90057,2580
,Beverly Hills,CA,90210,2580
,Burbank,CA,91521,2580
,West Covina,CA,91792,2580
,Los Angeles,CA,90017,2580
,Culver City,CA,90232,2580
,Alhambra,CA,91803,2580
,Los Angeles,CA,90015,2580
,BEVERLY HILLS,CA,90212,2580
,Glendale,CA,91208,2580
,Los Angeles,CA,90038,2580
,Woodland Hills,CA,91364,2580
,Placentia,CA,92870,2580
,Los Angeles,CA,90007,2580
,Los Angeles,CA,90007,2580
,Los Angeles,CA,90011,2580
,Los Angeles,CA,90011,2580
,Studio City,CA,91604,2580
,Culver City,CA,90232,2580
,Los Angeles,CA,90045,2580
,Beverly Hills,CA,90212,2580
,Los Angeles,CA,90047,2580
,Vancouver,WA,98664,2580
,Los Angeles,CA,90025,2580
,Los Angeles,CA,90010,2580
,Los Angeles,CA,90015,2580
,Encino,CA,9143,2580
,Inglewood,CA,90305,2580
,SANTA MONICA,CA,90404,2580
,Beverly Hills,CA,90212,2580
,Santa Fe Spring,CA,90670,2580
,Los Angeles,CA,90014,2580
,Los Angeles,CA,90025,2580
,Los Angeles,CA,90015,2580
,Sherman Oaks,CA,91423,2580
,Valley Village,CA,91607,2580
,Encino,CA,91436,2580
,Los Angeles,CA,90014,2580
,Pasadena,CA,91103,2580
,Los Angeles,CA,90015,2580
,Los Angeles,CA,90015,2580
,Los Angeles,CA,90015,2580
,Los Angeles,CA,90019,2580
,Los Angeles,CA,90071,2580
,Sherman Oaks,CA,91403,2580
,Los Angeles,CA,90007,2580
,Santa Monica,CA,90402,2580
,Los Angeles,CA,90071,2580
,Los Angeles,CA,90071,2580
,Los Angeles,CA,90017,2580
,Washington,DC,20005,2580
,Los Angeles,CA,90043,2580
,Los Angeles,CA,90043,2580
,Studio City,CA,91604,2580
,Culver City,CA,90232,2580
,Pasadena,CA,91105,2580
,Los Angeles,CA,90027,2580
,Rowland Heights,CA,91748,2580
,Rowland Heights,CA,91748,2580
,Los Angeles,CA,90014,2580
,Los Angeles,CA,90015,2580
,Los Angeles,CA,90069,2580
,Los Angeles,CA,90017,2580
,Los Angeles,CA,90017,2580
,Los Angeles,CA,90017,2580
,Sacramento,CA,95825,2580
,Los Angeles,CA,90013,2580
,Beverly Hills,CA,90210,2580
,Cypress,CA,90630,2580
,Beverly Hills,CA,90210,2580
,San Diego,CA,92106,2580
,Los Angeles,CA,90014,2580
,Irvine,CA,92612,2580
,Los Angeles,CA,90071,2580
,Pacific Palisades,CA,90272,2580
,Monrovia,CA,91016,2580
,Beverly Hills,CA,90210,2580
,Los Angeles,CA,90071,2580
,Los Angeles,CA,90015,2580
,West Hollywood,CA,90069,2580
,MONROVIA,CA,91016,2580
,Torrance,CA,90504,2580
,Los Angeles,CA,90028,2581
,Los Angeles,CA,90045,2581
,Azusa,CA,91702,2581
,Irving,TX,75063,2581
,Los Angeles,CA,90027,2581
,Vernon,CA,90058,2581
,Pasadena,CA,91101,2581
,Washington,DC,20036,2581
,Alhambra,CA,91801,2581
,Washington,DC,20002,2581
,Compton,CA,90220,2581
,Los Angeles,CA,90020,2581
,Miami,FL,33126,2581
,City Of Industry,CA,91746,2581
,New York,NY,10022,2581
,Scottsdale,AZ,85255,2581
,Los Angeles,CA,90010,2581
,Los Angeles,CA,90008,2581
,Sherman Oaks,CA,91403,2581
,Signal Hill,CA,90807,2581
,Alhambra,CA,91801,2581
,Alhambra,CA,91801,2581
,Los Angeles,CA,90005,2581
,Woodland Hills,CA,91367,2581
,Pacoima,CA,91331,2581
,Los Angeles,CA,90028,2581
,Toluca Lake,CA,91602,2581
,Sacramento,CA,95814,2581
,Sacramento,CA,95814,2581
,Los Angeles,CA,90071,2581
,Sacramento,CA,95814,2581
,Irvine,CA,92618,2581
,Sacramento,CA,95814,2581
,Los Angeles,CA,90020,2581
,Compton,CA,90220,2581
,City Of Industry,CA,91746,2581
,City Of Industry,CA,91746,2581
,Saint Louis,MO,63105,2581
,Rancho Palos Verdes,CA,90275,2581
,Los Angeles,CA,90006,2581
,Los Angeles,CA,90019,2581
,Garden Grove,CA,92844,2581
,Newport Beach,CA,92660,2581
,Wilmington,CA,90744,2581
,San Francisco,CA,94103,2581
,Los Angeles,CA,90024,2581
,Las Vegas,NV,89117,2581
,Beverly Hills,CA,90211,2581
,Wichita,KS,67205,2581
,Los Angeles,CA,90004,2581
,Los Angeles,CA,90015,2581
,Los Angeles,CA,90015,2581
,Los Angeles,CA,90036,2581
,Oxnard,CA,93035,2581
,Ontario,CA,91764,2581
,Vernon,CA,90058,2581
,Paramount,CA,90723,2581
,Santa Monica,CA,90401,2581
,Venice,CA,90291,2581
,Los Angeles,CA,90021,2581
,Los Angeles,CA,90025,2581
,Los Angeles,CA,90058,2581
,Los Angeles,CA,90045,2581
,Bakersfield,CA,93309,2581
,Sacramento,CA,95814,2581
,Los Angeles,CA,90071,2581
,Malibu,CA,90265,2581
,Los Angeles,CA,90005,2581
,Bakersfield,CA,93314,2581
,Marina Del Rey,CA,90292,2581
,Manhattan Beach,CA,90266,2581
,Los Angeles,CA,90064,2581
,Manhattan Beach,CA,90266,2581
,Gardena,CA,90249,2581
,Jefferson City,MO,65101,2581
,Los Angeles,CA,90020,2581
,Los Angeles,CA,90034,2581
,Culver City,CA,90230,2581
,Inglewood,CA,90301,2581
,Culver City,CA,90230,2581
,Compton,CA,90221,2581
,Los Angeles,CA,90006,2581
,Los Angeles,CA,90010,2581
,Boston,MA,2110,2581
,Santa Monica,CA,90401,2581
,Los Angeles,CA,90016,2581
,Los Angeles,CA,90036,2581
,Los Angeles,CA,90014,2581
,Los Angeles,CA,90010,2581
,Los Angeles,CA,90064,2581
,Irvine,CA,92612,2581
,Santa Monica,CA,90404,2581
,Malibu,CA,90265,2581
,Universal City,CA,91608,2581
,Carlsbad,CA,92008,2581
,Upland,CA,91786,2581
,Los Angeles,CA,90005,2581
,Azusa,CA,91702,2581
,Howell,MI,48855,2581
,Los Alamitos,CA,90720,2581
,Woodland Hills,CA,91367,2581
,Los Angeles,CA,90024,2581
,Manhattan Beach,CA,90266,2581
,Los Angeles,CA,90045,2581
,Paramount,CA,90723,2581
,Los Angeles,CA,90010,2581
,Los Angeles,CA,90012,2581
,Los Angeles,CA,90025,2581
,San Leandro,CA,94578,2581
,Los Angeles,CA,90024,2581
,Los Angeles,CA,90010,2581
,Los Angeles,CA,90004,2581
,Encino,CA,91436,2581
,Los Angeles,CA,90067,2581
,Los Angeles,CA,90015,2581
,Encino,CA,91436,2581
,Los Angeles,CA,90010,2581
,Irvine,CA,92617,2581
,Commerce,CA,90040,2581
,Irvine,CA,92614,2581
,Los Angeles,CA,90068,2581
,Pomona,CA,91767,2581
,Calabasas,CA,91302,2581
,Encino,CA,91436,2581
,Los Angeles,CA,90066,2581
,Los Angeles,CA,90066,2581
,Los Angeles,CA,90006,2581
,Los Angeles,CA,90026,2581
,Sacramento,CA,95814,2581
,Los Angeles,CA,90010,2581
,Sacramento,CA,95841,2581
,Los Angeles,CA,90045,2581
,Sacramento,CA,95811,2581
,Los Angeles,CA,90027,2581
,Sun Valley,CA,91352,2581
,Marina Del Rey,CA,90292,2581
,Gardena,CA,90248,2581
,Los Angeles,CA,90025,2581
,Redondo Beach,CA,90278,2581
,La Habra Heights,CA,90631,2581
,Denver,CO,80246,2581
,Pasadena,CA,91105,2581
,Torrance,CA,90505,2581
,Downey,CA,90241,2581
,Culver City,CA,90230,2581
,Downey,CA,90241,2581
,Eastvale,CA,91752,2581
,Vernon,CA,90058,2581
,Paramount,CA,90723,2581
,Los Angeles,CA,90067,2581
,Encino,CA,91436,2581
,Arlington,VA,22204,2581
,Hollywood,FL,33024,2581
,Encino,CA,91436,2581
,Los Angeles,CA,90005,2581
,Sherman Oaks,CA,91403,2581
,Signal Hill,CA,90755,2581
,Columbus,OH,43222,2581
,Los Angeles,CA,90025,2581
,San Francisco,CA,94107,2581
,Orcutt,CA,93455,2581
,Los Angeles,CA,90006,2581
,Los Angeles,CA,90015,2581
,Corona Del Mar,CA,92625,2581
,Laguna Niguel,CA,92677,2581
,Los Angeles,CA,90010,2581
,Sacramento,CA,95811,2581
,Los Angeles,CA,90010,2581
,Burbank,CA,91505,2581
,San Diego,CA,92121,2581
,Colton,CA,92324,2581
,Los Angeles,CA,90057,2581
,Modesto,CA,95356,2581
,Sacramento,CA,95819,2581
,Burlingame,CA,94010,2581
,Los Angeles,CA,90015,2581
,Austin,TX,78731,2581
,Los Angeles,CA,90045,2581
,Culver City,CA,90230,2581
,Winston Salem,NC,27101,2581
,Los Angeles,CA,90025,2581
,Studio City,CA,91604,2581
,Riverside,CA,92509,2581
,Signal Hill,CA,90755,2581
,Northridge,CA,91326,2581
,Torrance,CA,90503,2581
,Sherman Oaks,CA,91403,2581
,Denver,CO,80238,2581
,Rancho Cucamonga,CA,91730,2581
,Washington,DC,20001,2581
,Sacramento,CA,95815,2581
,Los Angeles,CA,90067,2581
,Hayward,CA,94541,2581
,Venice,CA,90291,2581
,Venice,CA,90291,2581
,South Gate,CA,90280,2581
,Venice,CA,90291,2581
,Beverly Hills,CA,90210,2581
,Falls Church,VA,22046,2581
,Glendora,CA,91740,2581
,Los Angeles,CA,90020,2581
,Los Angeles,CA,90071,2581
,Whittier,CA,90606,2581
,Santa Monica,CA,90401,2581
,Los Angeles,CA,90019,2581
,Long Beach,CA,90803,2581
,Los Angeles,CA,90004,2581
,Los Angeles,CA,90012,2581
,Marina Del Rey,CA,90292,2581
,Gardena,CA,90247,2581
,Los Angeles,CA,90068,2581
,Bell Gardens,CA,90201,2581
,Los Angeles,CA,90033,2581
,Commerce,CA,90040,2581
,Hawaiian Gardens,CA,90716,2581
,Los Angeles,CA,90071,2581
,Long Beach,CA,90807,2581
,Los Angeles,CA,90014,2581
,Marina Del Rey,CA,90292,2581
,Sylmar,CA,91342,2581
,Long Beach,CA,90802,2581
,Redondo Beach,CA,90277,2581
,Los Angeles,CA,90067,2581
,Irvine,CA,92614,2581
,Thousand Oaks,CA,91362,2581
,Denver,CO,80203,2581
,Los Angeles,CA,90024,2581
,La Verne,CA,91750,2581
,Vernon,CA,90058,2581
,Burbank,CA,91522,2581
,Carson,CA,90745,2581
,Los Angeles,CA,90025,2581
,Los Angeles,CA,90010,2581
,La Mirada,CA,90638,2581
,Los Angeles,CA,90020,2581
,Fresno,CA,93727,2581
,Sacramento,CA,95814,2581
,Orange,CA,92868,2581
,Gardena,CA,90248,2581
,Ventura,CA,93001,2581
,Los Angeles,CA,90020,2581
,San Ramon,CA,94583,2546
,Los Angeles,CA,90020,2546
,El Monte,CA,91732,2546
,Sherman Oaks,CA,91403,2546
,Los Angeles,CA,90048,2546
,Sherman Oaks,CA,91403,2546
,Altadena,CA,91001,2546
,Los Angeles,CA,90047,2546
,Los Angeles,CA,90047,2546
,San Bernardino,CA,92405,2546
,Riverside,CA,92508,2546
,Redlands,CA,92374,2546
,Sunny Isles Beach,FL,33160,2546
,Rancho Cucamonga,CA,91730,2546
,San Dimas,CA,91773,2546
,San Bernardino,CA,92407,2546
,Hidden Hills,CA,91302,2546
,Azusa,CA,91702,2546
,San Bernardino,CA,92405,2546
,Beverly Hills,CA,90210,2546
,Torrance,CA,90503,2546
,Sunny Isles Beach,FL,33160,2546
,Los Angeles,CA,90024,2546
,Long Beach,CA,90803,2546
,Sacramento,CA,95816,2546
,Los Angeles,CA,90008,2546
,Solana Beach,CA,92075,2546
,Tarzana,CA,91356,2546
,Los Angeles,CA,90006,2546
,Los Angeles,CA,90010,2546
,Pacific Palisades,CA,90272,2546
,Ambler,PA,19002,2546
,Sherman Oaks,CA,91411,2546
,Los Angeles,CA,90004,2546
,Santa Monica,CA,90402,2546
,Santa Monica,CA,90402,2546
,Los Angeles,CA,90069,2546
,Bradbury,CA,91008,2546
,Hollywood,CA,90028,2546
,Solana Beach,CA,92075,2546
,Los Angeles,CA,90010,2546
,Los Angeles,CA,90045,2546
,Los Angeles,CA,90010,2546
,Los Angeles,CA,90006,2546
,Rolling Hills Estates,CA,90274,2546
,Los Angeles,CA,90066,2546
,Hawthorne,CA,90250,2546
,Manhattan Beach,CA,90266,2546
,Northridge,CA,91326,2546
,Los Angeles,CA,90056,2546
,Los Angeles,CA,90027,2546
,La Habra Heights,CA,90631,2546
,Porter Ranch,CA,91326,2546
,Pacific Palisades,CA,90272,2546
,Los Angeles,CA,90018,2546
,Beverly Hills,CA,90211,2546
,Granada Hills,CA,91344,2546
,La Habra Heights,CA,90631,2546
,Sherman Oaks,CA,91411,2546
,Manhattan Beach,CA,90266,2546
,Los Angeles,CA,90036,2546
,Irvine,CA,92614,2546
,Rancho Dominguez,CA,90220,2546
,Northridge,CA,91325,2546
,Los Angeles,CA,90017,2546
,Sherman Oaks,CA,91423,2546
,Beverly Hills,CA,90212,2546
,San Bernardino,CA,92405,2546
,Pacific Palisades,CA,90272,2546
,Pacific Palisades,CA,90272,2546
,Venice,CA,90291,2546
,Woodland Hills,CA,91364,2546
,Los Angeles,CA,90077,2546
,San Diego,CA,92104,2546
,Venice,CA,90291,2546
,Long Beach,CA,90805,2546
,San Bernardino,CA,92404,2546
,Long Beach,CA,90802,2546
,Los Angeles,CA,90020,2546
,Beverly Hills,CA,90211,2546
,Los Angeles,CA,90012,2546
,Los Angeles,CA,90012,2546
,Los Angeles,CA,90004,2546
,Los Angeles,CA,90010,2546
,Los Angeles,CA,90005,2546
,Los Angeles,CA,90004,2546
,Walnut,CA,91789,2546
,Los Angeles,CA,90019,2546
,Los Angeles,CA,90019,2546
,Los Angeles,CA,90010,2546
,Los Angeles,CA,90006,2546
,Los Angeles,CA,90048,2546
,Los Angeles,CA,90019,2546
,Los Angeles,CA,90005,2546
,Los Angeles,CA,90005,2546
,Los Angeles,CA,90010,2546
,Los Angeles,CA,90005,2546
,Long Beach,CA,90808,2546
,Los Angeles,CA,90041,2546
,Westlake Village,CA,91362,2546
,Los Angeles,CA,90036,2546
,Toluca Lake,CA,91602,2546
,Manhattan Beach,CA,90266,2546
,Sacramento,CA,95864,2546
,Anaheim,CA,92807,2546
,Beverly Hills,CA,90212,2546
,Los Angeles,CA,90036,2546
,View Park,CA,90043,2546
,Covina,CA,91723,2546
,Los Angeles,CA,90025,2546
,Beverly Hills,CA,90210,2546
,Los Angeles,CA,90071,2546
,Beverly Hills,CA,90210,2546
,Orange,CA,92865,2546
,New York,NY,10019,2546
,Calabasas,CA,91302,2546
,Calabasas,CA,91302,2546
,Douglasville,GA,30134,2546
,Greenfield Center,NY,12833,2546
,Compton,CA,90221,2546
,Los Angeles,CA,90012,2546
,Los Angeles,CA,90035,2546
,Los Angeles,CA,90017,2546
,Valley Village,CA,91601,2546
,Los Angeles,CA,90004,2546
,Los Angeles,CA,90020,2546
,Los Angeles,CA,90005,2546
,Santa Monica,CA,90402,2546
,Valley Village,CA,91601,2546
,Glen Cove,NY,11542,2546
,Los Angeles,CA,90064,2546
,Alhambra,CA,91801,2546
,Anaheim,CA,92804,2546
,Glen Cove,NY,11542,2546
,Woodland Hills,CA,91364,2546
,Woodland Hills,CA,91364,2546
,Los Angeles,CA,90041,2546
,Calabasas,CA,91302,2546
,Manhattan Beach,CA,90266,2546
,Los Angeles,CA,90036,2546
,Los Angeles,CA,90005,2546
,Calabasas,CA,91302,2546
,Manhattan Beach,CA,90266,2546
,Los Angeles,CA,90005,2546
,Los Angeles,CA,90036,2546
,Los Angeles,CA,90071,2546
,Los Angeles,CA,90019,2546
,Los Angeles,CA,90048,2546
,Los Angeles,CA,90015,2546
,Encino,CA,91316,2546
,Playa Del Rey,CA,90293,2546
,Los Angeles,CA,90056,2546
,Gardena,CA,90247,2546
,Encino,CA,91316,2546
,Los Angeles,CA,90020,2546
,Los Angeles,CA,90027,2546
,North Hollywood,CA,91601,2546
,Manhattan Beach,CA,90266,2546
,Los Angeles,CA,90049,2546
,Long Beach,CA,90808,2546
,Culver City,CA,90232,2546
,Altadena,CA,91001,2546
,Los Angeles,CA,90069,2546
,Santa Clarita,CA,91350,2546
,Los Angeles,CA,90069,2546
,Beverly Hills,CA,90210,2546
,Los Angeles,CA,90069,2546
,Beverly Hills,CA,90210,2546
,Los Angeles,CA,90035,2546
,Marina Del Rey,CA,90292,2546
,Whittier,CA,90603,2546
,Santa Clarita,CA,91350,2546
,Genoa,NV,89411,2546
,Los Angeles,CA,90027,2546
,Los Angeles,CA,90067,2546
,Los Angeles,CA,90067,2546
,Inglewood,CA,90305,2546
,Los Angeles,CA,90049,2546
,Los Angeles,CA,90049,2546
,La Canada Flintridge,CA,91011,2546
,Los Angeles,CA,90036,2546
,Solvang,CA,93463,2546
,Beverly Hills,CA,90211,2546
,Manhattan Beach,CA,90266,2546
,Encino,CA,91436,2546
,Manhattan Beach,CA,90266,2546
,Beverly Hills,CA,90210,2546
,Los Angeles,CA,90067,2546
,Los Angeles,CA,90067,2546
,Carlsbad,CA,92011,2546
,Beverly Hills,CA,90212,2546
,Westlake Village,CA,91362,2546
,Beverly Hills,CA,90210,2546
,Los Angeles,CA,90028,2546
,Redondo Beach,CA,90278,2546
,Los Angeles,CA,90064,2546
,Long Beach,CA,90815,2546
,Los Angeles,CA,90011,2546
,Los Angeles,CA,90077,2546
,Beverly Hills,CA,90210,2546
,Glendale,CA,91208,2546
,Santa Monica,CA,90402,2546
,Simi Valley,CA,93065,2546
,Glendale,CA,91208,2546
,Los Angeles,CA,90014,2546
,Los Angeles,CA,90004,2546
,Los Angeles,CA,90068,2546
,Los Angeles,CA,90056,2546
,Los Angeles,CA,90024,2546
,Los Angeles,CA,90024,2546
,Los Angeles,CA,90013,2546
,Chino,CA,91710,2546
,Gardena,CA,90249,2546
,Los Angeles,CA,90045,2546
,Long Beach,CA,90807,2546
,Villa Park,CA,92861,2546
,Sherman Oaks,CA,91401,2546
,Los Angeles,CA,90036,2546
,Los Angeles,CA,90024,2546
,Los Angeles,CA,90066,2546
,Long Beach,CA,90807,2546
,Los Angeles,CA,90020,2546
,Los Angeles,CA,90077,2546
,Los Angeles,CA,90049,2546
,Davis,CA,95618,2546
,Los Angeles,CA,90049,2546
,Chapel Hill,NC,27514,2546
,Long Beach,CA,90806,2546
,Costa Mesa,CA,92626,2546
,Santa Monica,CA,90403,2546
,Pasadena,CA,91101,2546
,Los Angeles,CA,90008,2546
,Los Angeles,CA,90019,2546
,View Park,CA,90008,2546
,La Canada Flintridge,CA,91011,2546
,Los Angeles,CA,90008,2546
,Los Angeles,CA,90046,2546
,Encino,CA,91316,2546
,View Park,CA,90008,2546
,Los Angeles,CA,90004,2546
,Las Vegas,NV,89102,2546
,Los Angeles,CA,90033,2546
,Canoga Park,CA,91304,2546
,Santa Monica,CA,90405,2546
,San Pedro,CA,90731,2546
,Los Angeles,CA,90048,2546
,Los Angeles,CA,90043,2546
,Los Angeles,CA,90012,2546
,Hermosa Beach,CA,90254,2546
,Los Angeles,CA,90014,2546
,Los Angeles,CA,90025,2546
,La Jolla,CA,92037,2546
,Pasadena,CA,91103,2546
,Los Angeles,CA,90012,2546
,Sherman Oaks,CA,91403,2546
,Los Angeles,CA,90019,2566
,Los Angeles,CA,90020,2566
,Los Angeles,CA,90020,2566
,Cerritos,CA,90703,2566
,Los Angeles,CA,90006,2566
,Compton,CA,90220,2566
,Los Angeles,CA,90025,2566
,Valencia,CA,91354,2566
,Valencia,CA,91354,2566
,Fullerton,CA,92833,2566
,La Canada Flintridge,CA,91011,2566
,Diamond Bar,CA,91765,2566
,Glendale,CA,91208,2566
,Glendale,CA,91208,2566
,Long Beach,CA,90806,2566
,Los Angeles,CA,90020,2566
,Northridge,CA,91326,2566
,Los Angeles,CA,90010,2566
,Los Angeles,CA,90006,2566
,Los Angeles,CA,90017,2566
,Rancho Palos Verdes,CA,90275,2566
,Los Angeles,CA,90065,2566
,Rolling Hills Estate,CA,90274,2566
,La Canada Flintridge,CA,91011,2566
,Los Angeles,CA,90039,2566
,Los Angeles,CA,90015,2566
,Los Angeles,CA,90004,2566
,Los Angeles,CA,90020,2566
,Los Angeles,CA,90020,2566
,Los Angeles,CA,90020,2566
,Los Angeles,CA,90020,2566
,Los Angeles,CA,90006,2566
,Los Angeles,CA,90020,2566
,Los Angeles,CA,90012,2566
,Pacoima,CA,91331,2566
,Los Angeles,CA,90004,2566
,Rancho Palos Verdes,CA,90275,2566
,Los Angeles,CA,90010,2566
,Los Angeles,CA,90019,2566
,Los Angeles,CA,90010,2566
,Los Angeles,CA,90006,2566
,Los Angeles,CA,90017,2566
,Los Angeles,CA,90015,2566
,Irvine,CA,92603,2566
,Brea,CA,92821,2566
,Los Angeles,CA,90028,2566
,Mission Hills,CA,91345,2566
,Los Angeles,CA,90037,2566
,Northridge,CA,91325,2566
,Los Angeles,CA,90004,2566
,Los Angeles,CA,90010,2566
,Los Angeles,CA,90019,2566
,Los Angeles,CA,90010,2566
,North Hollywood,CA,91606,2566
,North Hollywood,CA,91606,2566
,Plattsburgh,NY,12901,2566
,Los Angeles,CA,90010,2566
,Torrance,CA,90502,2566
,Fullerton,CA,92833,2566
,La Canada,CA,91011,2566
,Glendale,CA,91208,2566
,Torrance,CA,90503,2566
,Los Angeles,CA,90020,2566
,North Hollywood,CA,91606,2566
,Hawthorne,CA,90250,2578
,Manhattan Beach,CA,90266,2578
,Los Angeles,CA,90015,2578
,Los Angeles,CA,90042,2578
,Brooklyn,NY,11234,2578
,Hermosa Beach,CA,90254,2578
,San Gabriel,CA,91776,2578
,Elk Grove,CA,95624,2578
,Elk Grove,CA,95624,2578
,Agoura Hills,CA,91301,2578
,Agoura Hills,CA,91301,2578
,Los Angeles,CA,90066,2578
,Los Angeles,CA,90027,2578
,Berkeley,CA,94708,2578
,Los Angeles,CA,90004,2578
,Glendale,CA,91206,2578
,Los Angeles,CA,90045,2578
,Los Angeles,CA,90043,2578
,Los Angeles,CA,90043,2578
,Los Angeles,CA,90012,2578
,Los Angeles,CA,90024,2578
,Los Angeles,CA,90024,2578
,Oakland,CA,94610,2578
,Woodland Hills,CA,91367,2578
,Beverly Hills,CA,90212,2578
,Sacramento,CA,95818,2578
,Los Angeles,CA,90064,2578
,Los Angeles,CA,90017,2578
,Cupertino,CA,95014,2578
,Hawthorne,CA,90251,2578
,Torrance,CA,90503,2578
,Los Angeles,CA,90041,2578
,Los Angeles,CA,90024,2578
,Palmdale,CA,93551,2578
,Los Angeles,CA,90008,2578
,Los Angeles,CA,90068,2578
,Mill Valley,CA,94941,2578
,Hobe Sound,FL,33455,2578
,Los Angeles,CA,90002,2578
,Los Angeles,CA,90002,2578
,Los Angeles,CA,90002,2578
,Houston,TX,77005,2578
,Culver City,CA,90232,2578
,Culver City,CA,90232,2578
,Los Angeles,CA,90056,2578
,Los Angeles,CA,90056,2578
,Los Angeles,CA,90056,2578
,Pacific Palisades,CA,90272,2578
,Montebello,CA,90640,2578
,Richmond,CA,94804,2578
,Altadena,CA,91001,2578
,Altadena,CA,91001,2578
,La Palma,CA,90623,2578
,Carson,CA,90746,2578
,Los Angeles,CA,90019,2578
,Los Angeles,CA,90019,2578
,Los Angeles,CA,90004,2578
,Torrance,CA,90501,2578
,Torrance,CA,90501,2578
,Culver City,CA,90230,2578
,Pasadena,CA,91103,2578
,Pasadena,CA,91104,2578
,Pasadena,CA,91103,2578
,Pasadena,CA,91103,2578
,San Francisco,CA,94115,2578
,Beverly Hills,CA,90210,2578
,Beverly Hills,CA,90210,2578
,Berkeley,CA,94705,2578
,Berkeley,CA,94705,2578
,Berkeley,CA,94705,2578
,San Francisco,CA,94107,2578
,Houston,TX,77042,2580
,Claremont,CA,91711,2578
,Los Angeles,CA,90068,2578
,Los Angeles,CA,90068,2578
,Los Angeles,CA,90068,2578
,Los Angeles,CA,90046,2578
,Pasadena,CA,91106,2578
,Los Angeles,CA,90026,2578
,Menlo Park,CA,94025,2578
,Anaheim,CA,92807,2578
,Anaheim,CA,92807,2578
,Los Angeles,CA,90056,2578
,Culver City,CA,90230,2578
,Oakland,CA,94612,2578
,La Mirada,CA,90638,2578
,La Mirada,CA,90638,2578
,Beverly Hills,CA,90210,2578
,West Hollywood,CA,90046,2578
,Los Angeles,CA,90045,2578
,Los Angeles,CA,90034,2578
,Culver City,CA,90232,2578
,San Francisco,CA,94127,2578
,Los Angeles,CA,90035,2578
,San Diego,CA,92101,2578
,San Diego,CA,92101,2578
,Los Angeles,CA,90004,2578
,Los Angeles,CA,90019,2578
,Santa Monica,CA,90402,2578
,Culver City,CA,90230,2578
,Culver City,CA,90230,2578
,Berkeley,CA,94708,2578
,Pacific Palisades,CA,90272,2578
,Los Angeles,CA,90056,2578
,Sacramento,CA,95833,2578
,Los Angeles,CA,90069,2578
,Los Angeles,CA,90069,2578
,Houston,TX,77042,2580
,Los Angeles,CA,90069,2578
,Richmond,CA,94805,2578
,Richmond,CA,94805,2578
,Pasadena,CA,91105,2578
,Los Angeles,CA,90043,2578
,Burbank,CA,91506,2578
,Berkeley,CA,94703,2578
,Whittier,CA,90602,2578
,Los Angeles,CA,90041,2578
,Agoura Hills,CA,91301,2578
,Agoura Hills,CA,91301,2578
,Los Angeles,CA,90056,2578
,Laurel,MD,20707,2578
,Sherman Oaks,CA,91423,2578
,Sherman Oaks,CA,91423,2578
,Sherman Oaks,CA,91423,2578
,Sacramento,CA,95825,2578
,Santa Monica,CA,90402,2578
,Santa Monica,CA,90405,2578
,Santa Monica,CA,90405,2578
,Santa Monica,CA,90405,2578
,Los Angeles,CA,90027,2578
,Los Angeles,CA,90027,2578
,Los Angeles,CA,90056,2578
,Playa Del Rey,CA,90293,2578
,Playa Del Rey,CA,90293,2578
,Livermore,CA,94551,2578
,Glendale,CA,91202,2578
,Santa Monica,CA,90067,2578
,Altadena,CA,91001,2578
,Los Angeles,CA,90032,2578
,Oakland,CA,94602,2578
,Inglewood,CA,90301,2578
,Glendale,CA,91203,2578
,Studio City,CA,91604,2578
,Oakland,CA,94605,2578
,Emeryville,CA,94608,2578
,Emeryville,CA,94608,2578
,San Francisco,CA,94105,2578
,Los Angeles,CA,90056,2578
,Los Angeles,CA,90021,2578
,Simi Valley,CA,93063,2578
,Sacramento,CA,95835,2578
,Sacramento,CA,95835,2578
,Sacramento,CA,95831,2578
,Santa Monica,CA,90402,2578
,Los Angeles,CA,90077,2578
,Los Angeles,CA,90066,2578
,Palos Verdes Estates,CA,90274,2578
,Lawndale,CA,90260,2578
,Victorville,CA,92395,2578
,Oakland,CA,94603,2578
,Oakland,CA,94603,2578
,Los Angeles,CA,90066,2578
,Los Angeles,CA,90047,2578
,Santa Cruz,CA,95060,2578
,Los Angeles,CA,90010,2578
,Los Angeles,CA,90056,2578
,Los Angeles,CA,90056,2578
,Los Angeles,CA,90043,2578
,San Mateo,CA,94402,2578
,Los Angeles,CA,90064,2578
,Atherton,CA,94027,2578
,Atherton,CA,94027,2578
,Berkeley,CA,94703,2578
,Azusa,CA,91702,2578
,Los Angeles,CA,90045,2578
,Los Angeles,CA,90019,2578
,Los Angeles,CA,90064,2578
,Los Angeles,CA,90064,2578
,Oakland,CA,94605,2578
,Los Angeles,CA,90027,2578
,Losangeles,CA,90036,2578
,Los Angeles,CA,90027,2578
,Beverly Hills,CA,90210,2578
,Los Angeles,CA,90056,2578
,Los Angeles,CA,90056,2578
,New York,NY,10011,2578
,Los Angeles,CA,90025,2578
,Culver City,CA,90232,2578
,Los Angeles,CA,90019,2578
,San Francisco,CA,94131,2578
,San Francisco,CA,94115,2578
,Los Angeles,CA,90018,2578
,Los Angeles,CA,90016,2578
,Los Angeles,CA,90016,2578
,Los Angeles,CA,90059,2578
,Los Angeles,CA,90059,2578
,Los Angeles,CA,90016,2578
,Los Angeles,CA,90045,2578
,Los Angeles,CA,90045,2578
,Los Angeles,CA,90045,2578
,Los Angeles,CA,90094,2578
,Los Angeles,CA,90059,2578
,Oakland,CA,94612,2578
,Culver City,CA,90232,2578
,Santa Monica,CA,90402,2578
,Sacramento,CA,95819,2578
,Sacramento,CA,95819,2578
,Beverly Hills,CA,90210,2578
,San Jose,CA,95118,2578
,Los Angeles,CA,90033,2578
,Malibu,CA,90265,2578
,Malibu,CA,90265,2578
,Los Angeles,CA,90047,2578
,San Francisco,CA,94107,2578
,Los Angeles,CA,90043,2578
,Stoughton,WI,53589,2578
,San Francisco,CA,94114,2578
,Menlo Park,CA,94025,2578
,Oakland,CA,94609,2578
,Oakland,CA,94605,2578
,Los Angeles,CA,90056,2578
,Los Angeles,CA,90035,2578
,Los Angeles,CA,90008,2578
,View Park,CA,90043,2578
,Los Angeles,CA,90066,2578
,Los Angeles,CA,90056,2578
,Albany,CA,94707,2578
,Los Angeles,CA,90049,2578
,Los Angeles,CA,90049,2578
,Culver City,CA,90232,2578
,El Cerrito,CA,94530,2578
,Alhambra,CA,91801,2578
,Alhambra,CA,91801,2578
,La Canada Flintridge,CA,91011,2578
,Santa Monica,CA,90402,2578
,Glendale,CA,91202,2578
,Los Angeles,CA,90002,2578
,Los Angeles,CA,90002,2578
,Los Angeles,CA,90002,2578
,Encinitas,CA,92024,2578
,Los Angeles,CA,90056,2578
,Sacramento,CA,95831,2578
,Oakland,CA,94602,2578
,Los Angeles,CA,90008,2578
,Los Angeles,CA,90008,2578
,Los Angeles,CA,90067,2578
,Pasadena,CA,91104,2578
,Los Angeles,CA,90018,2578
,Los Angeles,CA,90067,2578
,Los Angeles,CA,90026,2578
,Pasadena,CA,91107,2578
,Pasadena,CA,91107,2578
,Pasadena,CA,91107,2578
,Pasadena,CA,91107,2578
,Pasadena,CA,91107,2578
,Pasadena,CA,91107,2578
,Los Angeles,CA,90056,2578
,San Bruno,CA,94066,2578
,San Francisco,CA,94114,2578
,Los Angeles,CA,90027,2578
,Los Angeles,CA,90043,2578
,Los Angeles,CA,90043,2578
,Sacramento,CA,95864,2578
,Los Angeles,CA,90034,2578
,San Mateo,CA,94402,2578
,Woodland,CA,95695,2578
,Woodland,CA,95695,2578
,Los Angeles,CA,90008,2578
,Santa Rosa,CA,95404,2578
,Los Angeles,CA,90066,2578
,Toluca Lake,CA,91602,2578
,Atlanta,GA,30328,2578
,San Francisco,CA,94118,2578
,Los Angeles,CA,90047,2578
,Los Angeles,CA,90047,2578
,Los Angeles,CA,90047,2578
,Los Angeles,CA,90047,2578
,Los Angeles,CA,90069,2578
,Los Angeles,CA,90019,2578
,Los Angeles,CA,90035,2578
,Sherman Oaks,CA,91423,2578
,Los Angeles,CA,90065,2578
,Los Angeles,CA,90008,2578
,Los Angeles,CA,90008,2578
,Torrance,CA,90504,2578
,Pasadena,CA,91105,2578
,Los Angeles,CA,90013,2578
,Los Angeles,CA,90045,2578
,Los Angeles,CA,90010,2578
,Los Angeles,CA,90010,2578
,Redondo Beach,CA,90278,2578
,Berkeley,CA,94707,2578
,Sacramento,CA,95831,2578
,Rancho Cucamonga,CA,91739,2578
,Covina,CA,91724,2578
,Marina Del Rey,CA,90292,2578
,Tarzana,CA,91356,2578
,Tarzana,CA,91356,2578
,Tarzana,CA,91356,2578
,Tarzana,CA,91356,2578
,Los Angeles,CA,90043,2578
,Los Angeles,CA,90012,2578
,Santa Monica,CA,90404,2578
,Carson,CA,90810,2578
,San Diego,CA,92109,2578
,San Diego,CA,92109,2578
,Pasadena,CA,91101,2578
,El Cerrito,CA,94530,2578
,Inglewood,CA,90302,2578
,Inglewood,CA,90302,2578
,Los Angeles,CA,90056,2578
,Canoga Park,CA,91304,2578
,Los Altos,CA,94022,2578
,Kentfield,CA,94904,2578
,Venice,CA,90291,2578
,Los Angeles,CA,90019,2578
,Los Angeles,CA,90043,2578
,Venice,CA,90291,2578
,Marina Del Rey,CA,90292,2578
,Pasadena,CA,91105,2578
,Los Angeles,CA,90056,2578
,Inglewood,CA,90302,2578
,Santa Cruz,CA,95060,2578
,View Park-Windsor Hills,CA,90043,2578
,Oakland,CA,94603,2578
,Los Angeles,CA,90049,2578
,Los Angeles,CA,90064,2578
,Los Angeles,CA,90064,2578
,Los Angeles,CA,90064,2578
,Oakland,CA,94609,2578
,Los Angeles,CA,90025,2578
,Los Angeles,CA,90025,2578
,Los Angeles,CA,90025,2578
,Los Angeles,CA,90025,2578
,Jamaica,NY,11413,2578
,Los Angeles,CA,90036,2578
,Los Angeles,CA,90036,2578
,Los Angeles,CA,90036,2578
,View Park,CA,90043,2578
,Los Angeles,CA,90043,2578
,Los Angeles,CA,90019,2578
,Pomona,CA,91766,2578
,Pomona,CA,91766,2578
,Los Angeles,CA,90008,2578
,Oakland,CA,94608,2578
,Los Angeles,CA,90043,2578
,Los Angeles,CA,90043,2578
,Los Angeles,CA,90043,2578
,Moreno Valley,CA,92557,2578
,Los Angeles,CA,90008,2578
,Torrance,CA,90503,2578
,Los Gatos,CA,95032,2578
,Los Gatos,CA,95032,2578
,Culver City,CA,90232,2578
,Los Angeles,CA,91331,2578
,Los Angeles,CA,90034,2578
,Los Angeles,CA,91604,2578
,Sacramento,CA,95819,2578
,Sherman Oaks,CA,91403,2578
,Los Angeles,CA,90025,2578
,Los Angeles,CA,90025,2578
,Los Angeles,CA,90049,2578
,Los Angeles,CA,90056,2578
,Yorba Linda,CA,92887,2578
,Culver City,CA,90232,2578
,Oakland,CA,94605,2578
,Los Angeles,CA,90043,2578
,San Marino,CA,91108,2578
,Culver City,CA,90232,2578
,Atherton,CA,94027,2578
,Los Angeles,CA,90008,2578
,West Hollywood,CA,90069,2578
,Encino,CA,91436,2578
,Los Angeles,CA,90018,2578
,Los Angeles,CA,90024,2578
,Los Angeles,CA,90015,2578
,Los Angeles,CA,90019,2578
,Redwood City,CA,94065,2578
,Los Angeles,CA,90043,2578
,West Hollywood,CA,90046,2578
,Berkeley,CA,94705,2578
,Berkeley,CA,94705,2578
,Los Angeles,CA,90064,2578
,Beverly Hills,CA,90210,2578
,Los Angeles,CA,90024,2578
,Sacramento,CA,95816,2578
,Sacramento,CA,95816,2578
,San Jose,CA,95125,2578
,Los Angeles,CA,90064,2578
,Fullerton,CA,92835,2578
,La Canada Flintridge,CA,91011,2578
,Redwood City,CA,94065,2578
,Los Angeles,CA,90039,2578
,Los Angeles,CA,90016,2578
,Sacramento,CA,95832,2578
,Long Beach,CA,90802,2578
,Long Beach,CA,90802,2578
,Long Beach,CA,90802,2578
,Oakland,CA,94619,2578
,Los Angeles,CA,90056,2578
,Hacienda Heights,CA,91745,2578
,Hawthorne,CA,90250,2578
,Bakersfield,CA,93306,2578
,Los Angeles,CA,90036,2578
,Los Angeles,CA,90049,2578
,Los Angeles,CA,90018,2578
,View Park,CA,90008,2578
,Pasadena,CA,91107,2578
,Los Angeles,CA,90024,2578
,Los Angeles,CA,90024,2578
,Los Angeles,CA,90042,2578
,West Hollywood,CA,90038,2578
,Los Angeles,CA,90018,2578
,South Pasadena,CA,91030,2578
,Los Angeles,CA,90042,2578
,Los Angeles,CA,90042,2578
,Los Angeles,CA,90043,2578
,Los Angeles,CA,90043,2578
,Los Angeles,CA,90043,2578
,Los Angeles,CA,90012,2578
,Los Angeles,CA,90056,2578
,Sherman Oaks,CA,91423,2578
,Marina Del Rey,CA,90292,2578
,Los Angeles,CA,90292,2578
,Alhambra,CA,91801,2578
,Los Angeles,CA,90064,2578
,Piedmont,CA,94611,2578
,Torrance,CA,90501,2578
,Torrance,CA,90501,2578
,Torrance,CA,90501,2578
,Torrance,CA,90501,2578
,Los Angeles,CA,90043,2578
,Los Angeles,CA,90043,2578
,Los Angeles,CA,90066,2578
,Los Angeles,CA,90066,2578
,Los Angeles,CA,90034,2578
,Los Angeles,CA,90056,2578
,Los Angeles,CA,90056,2578
,Santa Monica,CA,90405,2578
,Los Angeles,CA,90056,2578
,Elk Grove,CA,95757,2578
,Carson,CA,90504,2578
,Alameda,CA,94501,2578
,Alameda,CA,94501,2578
,West Sacramento,CA,95691,2578
,Los Angeles,CA,90025,2578
,Oakland,CA,94619,2578
,Los Angeles,CA,90056,2578
,Santa Monica,CA,90401,2578
,Los Angeles,CA,90013,2580
,Monterey Park,CA,91754,2580
,Santa Monica,CA,90401,2580
,Beverly Hills,CA,90211,2580
,Beverly Hills,CA,90211,2580
,Los Angeles,CA,90014,2580
,Beverly Hills,CA,90212,2580
,Beverly Hills,CA,90212,2580
,West Hollywood,CA,90069,2580
,Los Angeles,CA,90020,2580
,Torrance,CA,90503,2580
,Torrance,CA,90503,2580
,Torrance,CA,90503,2580
,Gardena,CA,90247,2580
,Los Angeles,CA,90017,2580
,South Pasadena,CA,91030,2580
,Los Angeles,CA,90043,2580
,Monterey Park,CA,91754,2580
,Monterey Park,CA,91754,2580
,Los Angeles,CA,90025,2580
,Los Angeles,CA,90077,2580
,Los Angeles,CA,90024,2580
,Moreno Valley,CA,92557,2580
,Dana Point,CA,92629,2580
,Los Angeles,CA,90014,2580
,Redondo Beach,CA,90277,2580
,Arleta,CA,91331,2580
,Los Angeles,CA,90039,2580
,View Park,CA,90008,2580
,View Park,CA,90008,2580
,Los Angeles,CA,90025,2580
,Los Angeles,CA,90008,2580
,Los Angeles,CA,90008,2580
,Los Angeles,CA,90056,2580
,Los Angeles,CA,90056,2580
,Los Angeles,CA,90021,2580
,Pacific Palisades,CA,90272,2580
,Los Angeles,CA,90069,2580
,Los Angeles,CA,90012,2580
,Inglewood,CA,90305,2580
,Glendora,CA,91741,2580
,Los Angeles,CA,90004,2580
,Los Angeles,CA,90004,2580
,Encino,CA,91316,2580
,Los Angeles,CA,90068,2580
,Los Angeles,CA,90015,2580
,Los Angeles,CA,90015,2580
,Los Angeles,CA,90043,2580
,Hermosa Beach,CA,90254,2580
,Los Angeles,CA,90065,2580
,Pasadena,CA,91103,2580
,Studio City,CA,91604,2580
,Los Angeles,CA,90067,2580
,Los Angeles,CA,90071,2580
,Los Angeles,CA,90046,2580
,Los Angeles,CA,90040,2580
,Los Angeles,CA,90040,2580
,Mission Viejo,CA,92692,2580
,Beverly Hills,CA,90210,2580
,Beverly Hills,CA,90210,2580
,Santa Monica,CA,90405,2580
,Beverly Hills,CA,90211,2580
,Los Angeles,CA,90049,2580
,Los Angeles,CA,90029,2580
,Los Angeles,CA,90019,2580
,Inglewood,CA,90305,2580
,Inglewood,CA,90305,2580
,Los Angeles,CA,90048,2580
,Los Angeles,CA,90045,2580
,Beverly Hills,CA,90210,2580
,Los Angeles,CA,90067,2580
,Los Angeles,CA,90067,2580
,Los Angeles,CA,90067,2580
,Los Angeles,CA,90035,2580
,Gardena,CA,90248,2580
,Downey,CA,90241,2580
,Los Angeles,CA,90067,2580
,Los Angeles,CA,90016,2580
,Los Angeles,CA,90008,2580
,Los Angeles,CA,90019,2580
,Georgetown,MA,1833,2580
,Los Angeles,CA,90017,2580
,Fontana,CA,92336,2580
,Beverly Hills,CA,90210,2580
,Ontario,CA,91764,2580
,Los Angeles,CA,90056,2580
,Los Angeles,CA,90036,2580
,Valley Village,CA,91607,2580
,Los Angeles,CA,90008,2580
,Los Angeles,CA,90016,2580
,Harbor City,CA,90710,2580
,Harbor City,CA,90710,2580
,Los Angeles,CA,90026,2580
,Altadena,CA,91001,2580
,Altadena,CA,91001,2580
,Altadena,CA,91001,2580
,Los Angeles,CA,90018,2580
,Los Angeles,CA,90019,2580
,Malibu,CA,90265,2580
,Malibu,CA,90265,2580
,Calabasas,CA,91302,2580
,Calabasas,CA,91302,2580
,Los Angeles,CA,90010,2580
,Los Angeles,CA,90025,2580
,Los Angeles,CA,90013,2580
,Los Angeles,CA,90013,2580
,Los Angeles,CA,90012,2580
,Los Angeles,CA,90012,2580
,Los Angeles,CA,90068,2580
,Sherman Oaks,CA,91403,2580
,Los Angeles,CA,90061,2580
,Los Angeles,CA,90061,2580
,Los Angeles,CA,90061,2580
,Van Nuys,CA,91406,2580
,Van Nuys,CA,91406,2580
,Los Angeles,CA,90056,2580
,Los Angeles,CA,90008,2580
,Los Angeles,CA,90067,2580
,Los Angeles,CA,90067,2580
,Santa Monica,CA,90402,2580
,Los Angeles,CA,90004,2580
,Los Angeles,CA,90012,2580
,Culver City,CA,90230,2580
,Culver City,CA,90230,2580
,Washington,DC,20011,2580
,Los Angeles,CA,90045,2580
,Los Angeles,CA,90062,2580
,West Hollywood,CA,90069,2580
,Los Angeles,CA,90045,2580
,Los Angeles,CA,90045,2580
,Los Angeles,CA,90045,2580
,Malibu,CA,90264,2580
,Santa Monica,CA,90403,2580
,Los Angeles,CA,90064,2580
,Los Angeles,CA,90064,2580
,Culver City,CA,90230,2580
,Culver City,CA,90230,2580
,Montgomery,AL,36117,2580
,Los Angeles,CA,90045,2580
,South Pasadena,CA,91030,2580
,Otis,OR,97368,2580
,Los Angeles,CA,90042,2580
,Los Angeles,CA,90067,2580
,Los Angeles,CA,90049,2580
,Los Angeles,CA,90018,2580
,Los Angeles,CA,90043,2580
,Los Angeles,CA,90056,2580
,Los Angeles,CA,90069,2580
,Los Angeles,CA,90023,2580
,Beverly Hills,CA,90210,2580
,Los Angeles,CA,90049,2580
,IRVINE,CA,92604,2580
,IRVINE,CA,92604,2580
,San Francisco,CA,94109,2580
,Santa Monica,CA,90405,2580
,Santa Monica,CA,90405,2580
,Los Angeles,CA,90020,2580
,Commerce,CA,90040,2580
,La Crescenta,CA,91214,2580
,Ontario,CA,91762,2580
,Woodland Hills,CA,91364,2580
,Los Angeles,CA,90045,2580
,Pasadena,CA,91103,2580
,Los Angeles,CA,90039,2580
,Beverly Hills,CA,90210,2580
,Los Angeles,CA,90021,2580
,Los Angeles,CA,90021,2580
,Glendale,CA,91206,2580
,Sierra Madre,CA,91024,2580
,Los Angeles,CA,90015,2580
,Chicago,IL,60616,2580
,Pasadena,CA,91103,2580
,Los Angeles,CA,90043,2580
,Pacific Palisades,CA,90272,2580
,Los Cerrillos,NM,87010,2580
,Los Angeles,CA,90015,2580
,Los Angeles,CA,90065,2580
,Pasadena,CA,91105,2580
,Los Angeles,CA,90039,2580
,Long Beach,CA,90815,2580
,Tarzana,CA,91356,2580
,Tarzana,CA,91356,2580
,Los Angeles,CA,90014,2580
,Los Angeles,CA,90018,2580
,Irvine,CA,92618,2580
,Huntington Beach,CA,92649,2580
,Los Angeles,CA,90045,2580
,Los Angeles,CA,90008,2580
,Pacific Palisades,CA,90272,2580
,Pacific Palisades,CA,90272,2580
,Los Angeles,CA,90049,2580
,Los Angeles,CA,90025,2580
,Beverly Hills,CA,90210,2580
,Los Angeles,CA,90230,2580
,Chicago,IL,90611,2580
,Beverly Hills,CA,90210,2580
,Encino,CA,91436,2580
,Beverly Hills,CA,90210,2580
,Los Angeles,CA,90066,2580
,Palmdale,CA,93551,2580
,Los Angeles,CA,90056,2580
,Los Angeles,CA,90012,2580
,Scottsdale,AZ,85258,2580
,Scottsdale,AZ,85258,2580
,Los Angeles,CA,90046,2580
,Los Angeles,CA,90017,2580
,Pasadena,CA,91106,2580
,Rancho Palos Verdes,CA,90275,2580
,Los Angeles,CA,90012,2580
,Los Angeles,CA,90012,2580
,Alexandria,VA,22301,2580
,Alexandria,VA,22301,2580
,Los Angeles,CA,90068,2580
,Burbank,CA,91506,2580
,Burbank,CA,91506,2580
,Los Angeles,CA,90015,2580
,Calabasas,CA,91302,2580
,Venice,CA,90291,2580
,Los Angeles,CA,90065,2580
,Westlake Village,CA,91362,2580
,Westlake Village,CA,91362,2580
,Santa Monica,CA,90404,2580
,Santa Monica,CA,90404,2580
,Santa Monica,CA,90402,2580
,Glendora,CA,91741,2580
,Los Angeles,CA,90015,2580
,Los Angeles,CA,90049,2580
,Upland,CA,91784,2580
,Upland,CA,91784,2580
,Upland,CA,91784,2580
,Upland,CA,91784,2580
,Encino,CA,91316,2580
,Lancaster,PA,17601,2580
,Los Angeles,CA,90028,2580
,Sierra Madre,CA,91024,2580
,Sierra Madre,CA,91024,2580
,LOS ANGELES,CA,90064,2580
,LOS ANGELES,CA,90064,2580
,Beverly Hills,CA,90211,2580
,Beverly Hills,CA,90211,2580
,Culver City,CA,90232,2580
,Los Angeles,CA,90004,2580
,Culver City,CA,90230,2580
,Los Angeles,CA,90013,2580
,Los Angeles,CA,90064,2580
,Los Angeles,CA,90056,2580
,Los Angeles,CA,90018,2580
,Los Angeles,CA,90056,2580
,Los Angeles,CA,90048,2580
,Signal Hill,CA,90755,2580
,Corona,CA,92883,2580
,Los Angeles,CA,90056,2580
,Los Angeles,CA,90056,2580
,Pasadena,CA,91101,2580
,Los Angeles,CA,90025,2580
,Gardena,CA,90249,2580
,Gardena,CA,90249,2580
,Gardena,CA,90249,2580
,Los Angeles,CA,90019,2580
,Altadena,CA,91001,2580
,Los Angeles,CA,90039,2580
,Los Angeles,CA,90010,2580
,Woodland Hills,CA,91364,2580
,Long Beach,CA,90808,2580
,Los Angeles,CA,90045,2580
,North Hollywood,CA,91601,2580
,Pasadena,CA,91101,2580
,Los Angeles,CA,90027,2580
,Gardena,CA,90247,2580
,Los Angeles,CA,90015,2580
,Los Angeles,CA,90015,2580
,Los Angeles,CA,90025,2580
,Los Angeles,CA,90008,2580
,Los Angeles,CA,90008,2580
,Los Angeles,CA,90008,2580
,Yorba Linda,CA,92887,2580
,Los Angeles,CA,90043,2580
,Los Angeles,CA,90043,2580
,Los Angeles,CA,90043,2580
,Menifee,CA,92584,2580
,Menifee,CA,92584,2580
,Los Angeles,CA,90043,2580
,Los Angeles,CA,90043,2580
,West Hills,CA,91304,2580
,Inglewood,CA,90305,2580
,Los Angeles,CA,90012,2580
,Inglewood,CA,90305,2580
,Los Angeles,CA,90065,2580
,Los Angeles,CA,90008,2580
,Los Angeles,CA,90008,2580
,Rancho Palos Verdes,CA,90275,2580
,Rancho Palos Verdes,CA,90275,2580
,Los Angeles,CA,90064,2580
,Los Angeles,CA,90064,2580
,Los Angeles,CA,90064,2580
,Los Angeles,CA,90064,2580
,Los Angeles,CA,90064,2580
,Los Angeles,CA,90027,2580
,Pacific Palisades,CA,90272,2580
,Studio City,CA,91604,2580
,Studio City,CA,91602,2580
,Studio City,CA,91602,2580
,Los Angeles,CA,90024,2580
,Los Angeles,CA,90039,2580
,Marina Del Rey,CA,90292,2580
,Los Angeles,CA,90015,2580
,Los Angeles,CA,90015,2580
,Los Angeles,CA,90020,2580
,Orange,CA,92866,2580
,Los Angeles,CA,90024,2580
,Los Angeles,CA,90056,2580
,Los Angeles,CA,90056,2580
,Los Angeles,CA,90056,2580
,Los Angeles,CA,90056,2580
,Los Angeles,CA,90019,2580
,Los Angeles,CA,90026,2580
,Los Angeles,CA,90045,2580
,Torrance,CA,90503,2580
,Culver City,CA,90230,2580
,Los Angeles,CA,90017,2580
,Montebello,CA,90640,2580
,Inglewood,CA,90305,2580
,Inglewood,CA,90305,2580
,Los Angeles,CA,90066,2580
,S Pasadena,CA,91030,2580
,Torrance,CA,90501,2580
,Los Angeles,CA,90056,2580
,Los Angeles,CA,90056,2580
,Long Beach,CA,90808,2580
,Long Beach,CA,90808,2580
,Los Angeles,CA,90036,2580
,Los Angeles,CA,90036,2580
,Los Angeles,CA,90077,2580
,La Habra,CA,90631,2580
,San Pedro,CA,90731,2580
,Los Angeles,CA,90056,2580
,Los Angeles,CA,90010,2580
,Carson,CA,90810,2580
,Commerce,CA,90040,2580
,Los Angeles,CA,90071,2580
,Los Angeles,CA,90025,2580
,Los Angeles,CA,90025,2580
,Pasadena,CA,91105,2580
,Los Angeles,CA,90012,2580
,Los Angeles,CA,90012,2580
,Los Angeles,CA,90012,2580
,Los Angeles,CA,90012,2580
,Los Angeles,CA,90012,2580
,Culver City,CA,90232,2580
,Encino,CA,91436,2580
,Rancho Palos Verdes,CA,90275,2580
,Cerritos,CA,90703,2580
,Los Angeles,CA,90058,2580
,Los Angeles,CA,90058,2580
,Los Angeles,CA,90058,2580
,Los Angeles,CA,90058,2580
,Los Angeles,CA,90019,2580
,Los Angeles,CA,90019,2580
,Beverly Hills,CA,90212,2580
,Los Angeles,CA,90012,2580
,Pacific Palisades,CA,90272,2580
,Pacific Palisades,CA,90272,2580
,West Covina,CA,91791,2580
,Palos Verdes Estates,CA,90274,2580
,Los Angeles,CA,90049,2580
,Monterey Park,CA,91754,2580
,Newport Beach,CA,92660,2580
,Los Angeles,CA,90012,2580
,Hermosa Beach,CA,90254,2580
,Marina Del Rey,CA,90292,2580
,BEVERLY HILLS,CA,90210,2580
,Los Angeles,CA,90049,2580
,Los Angeles,CA,90049,2580
,Los Angeles,CA,90049,2580
,Pacific Palisades,CA,90272,2580
,Cerritos,CA,90703,2580
,Monterey Park,CA,91754,2580
,Los Angeles,CA,90049,2580
,Huntington Beach,CA,92649,2580
,Gardena,CA,90248,2580
,Los Angeles,CA,90024,2580
,Los Angeles,CA,90039,2580
,Riverside,CA,92501,2580
,Beverly Hills,CA,90210,2580
,Beverly Hills,CA,90210,2580
,Beverly Hills,CA,90210,2580
,Beverly Hills,CA,90210,2580
,Granada Hills,CA,91344,2580
,Granada Hills,CA,91344,2580
,Rancho Mirage,CA,92270,2580
,Los Angeles,CA,90041,2580
,Newhall,CA,91321,2580
,Los Angeles,CA,90024,2580
,Alameda,CA,94501,2580
,Alameda,CA,94501,2580
,Altadena,CA,91001,2580
,Los Angeles,CA,90056,2580
,Los Angeles,CA,90017,2580
,Los Angeles,CA,90017,2580
,Los Angeles,CA,90012,2580
,Los Angeles,CA,90012,2580
,Los Angeles,CA,90046,2580
,Alhambra,CA,91801,2580
,Los Angeles,CA,90018,2580
,Los Angeles,CA,90049,2580
,Los Angeles,CA,90017,2580
,Los Angeles,CA,90004,2580
,Beverly Hills,CA,90212,2580
,Beverly Hills,CA,90212,2580
,Venice,CA,90291,2580
,Santa Monica,CA,90401,2580
,Santa Monica,CA,90401,2580
,Los Angeles,CA,90019,2580
,Beverly Hills,CA,90210,2580
,Los Angeles,CA,90056,2580
,Los Angeles,CA,90042,2580
,Riverside,CA,92501,2580
,Los Angeles,CA,90069,2580
,LOS ANGELES,CA,90015,2580
,LOS ANGELES,CA,90015,2580
,Los Angeles,CA,90036,2580
,Los Angeles,CA,90036,2580
,Los Angeles,CA,90015,2580
,Somis,CA,93066,2580
,Los Angeles,CA,90015,2580
,Los Angeles,CA,90015,2580
,Redondo Beach,CA,90278,2580
,Los Angeles,CA,90017,2580
,Los Angeles,CA,90065,2580
,Los Angeles,CA,90065,2580
,Upland,CA,91786,2580
,Pasadena,CA,91105,2580
,Los Angeles,CA,90012,2580
,El Monte,CA,91731,2580
,El Monte,CA,91731,2580
,Brea,CA,92821,2580
,Beverly Hills,CA,90210,2580
,Los Angeles,CA,90068,2580
,Camarillo,CA,93010,2580
,Walnut,CA,91789,2580
,Calabasas,CA,91302,2580
,Culver City,CA,90230,2580
,Los Angeles,CA,90024,2580
,Marina Del Rey,CA,90292,2580
,Marina Del Rey,CA,90292,2580
,Chino Hills,CA,91709,2580
,Chino Hills,CA,91709,2580
,Chino Hills,CA,91709,2580
,Chino Hills,CA,91709,2580
,Chino Hills,CA,91709,2580
,San Pedro,CA,90731,2580
,Glendale,CA,91201,2580
,La Verne,CA,91750,2580
,Pacific Palisades,CA,90272,2580
,BEVERLY HILLS,CA,90212,2580
,Auburn,CA,95602,2580
,Los Angeles,CA,90008,2580
,Los Angeles,CA,90008,2580
,Anaheim,CA,92808,2580
,Inglewood,CA,90305,2580
,Inglewood,CA,90305,2580
,Los Angeles,CA,90020,2580
,Los Angeles,CA,90047,2580
,Los Angeles,CA,90043,2580
,San Pedro,CA,90732,2580
,Los Angeles,CA,90064,2580
,Beverly Hills,CA,90211,2580
,Beverly Hills,CA,90211,2580
,Mission Viejo,CA,92692,2580
,Los Angeles,CA,90025,2580
,Los Angeles,CA,90027,2580
,Los Angeles,CA,90071,2580
,Los Angeles,CA,90012,2580
,West Los Angeles,CA,90025,2580
,West Los Angeles,CA,90025,2580
,West Los Angeles,CA,90025,2580
,Los Angeles,CA,90016,2580
,Sherman Oaks,CA,91423,2580
,Los Angeles,CA,90008,2580
,Pasadena,CA,91031,2580
,Bellflower,CA,90706,2580
,Los Angeles,CA,90008,2580
,Los Angeles,CA,90069,2580
,Los Angeles,CA,90043,2580
,Los Angeles,CA,90065,2580
,Chino Hills,CA,91709,2580
,Altadena,CA,91001,2580
,Laguna Nieguel,CA,92677,2580
,Tujunga,CA,91042,2580
,Sherman Oaks,CA,91401,2580
,Los Angeles,CA,90025,2580
,Northridge,CA,91324,2580
,Los Angeles,CA,90071,2580
,Los Angeles,CA,90071,2580
,Los Angeles,CA,90027,2580
,Alhambra,CA,91801,2580
,Los Angeles,CA,90018,2580
,Los Angeles,CA,90025,2580
,Los Angeles,CA,90024,2580
,Redondo Beach,CA,90278,2580
,Encino,CA,91436,2580
,Chatsworth,CA,91311,2580
,Daly City,CA,94015,2580
,Los Angeles,CA,90032,2580
,LOS ANGELES,CA,90014,2580
,Huntington Beach,CA,92649,2580
,LOS ANGELES,CA,90014,2580
,Palos Verdes Estates,CA,90274,2580
,Los Angeles,CA,90020,2580
,Los Angeles,CA,90007,2580
,Culver City,CA,90230,2580
,Culver City,CA,90230,2580
,Marina Del Rey,CA,90292,2580
,Marina Del Rey,CA,90292,2580
,Los Angeles,CA,90071,2580
,Monterey Park,CA,91755,2580
,South Pasadena,CA,91030,2580
,San Marino,CA,91108,2580
,Sylmar,CA,91342,2580
,Sylmar,CA,91342,2580
,Playa Del Rey,CA,90293,2580
,New York,NY,10026,2580
,Pasadena,CA,91103,2580
,Moorpark,CA,93021,2580
,Lawndale,CA,90260,2580
,Beverly Hills,CA,90212,2580
,Burbank,CA,91501,2580
,Burbank,CA,91501,2580
,Burbank,CA,91501,2580
,Burbank,CA,91501,2580
,Rancho Palos Verdes,CA,90275,2580
,Los Angeles,CA,90077,2580
,View Park,CA,90043,2580
,Los Angeles,CA,90008,2580
,Los Angeles,CA,90008,2580
,Beverly Hills,CA,90212,2580
,Carson,CA,90746,2580
,Carson,CA,90746,2580
,Carson,CA,90746,2580
,Carson,CA,90746,2580
,Carson,CA,90746,2580
,Los Angeles,CA,90027,2580
,Los Angeles,CA,90056,2580
,Los Angeles,CA,90027,2580
,Los Angeles,CA,90049,2580
,Culver City,CA,90230,2580
,Los Angeles,CA,90027,2580
,Beverly Hills,CA,90211,2580
,Los Angeles,CA,90068,2580
,Los Angeles,CA,90005,2580
,Los Angeles,CA,90065,2580
,Los Angeles,CA,90065,2580
,Marina Del Rey,CA,90292,2580
,Beverly Hills,CA,90210,2580
,Los Angeles,CA,90077,2580
,Los Angeles,CA,90046,2580
,LOS ANGELES,CA,90046,2580
,Santa Monica,CA,90402,2580
,Studio City,CA,91604,2580
,Studio City,CA,91604,2580
,Los Angeles,CA,90008,2580
,Los Angeles,CA,90042,2580
,Wilmington,NC,28412,2580
,Wilmington,NC,28412,2580
,Los Angeles,CA,90013,2580
,Los Angeles,CA,90064,2580
,Los Angeles,CA,90035,2580
,Los Angeles,CA,90019,2580
,Los Angeles,CA,90004,2580
,Los Angeles,CA,90004,2580
,Los Angeles,CA,90013,2580
,Los Angeles,CA,90067,2580
,Los Angeles,CA,90049,2580
,Los Angeles,CA,90049,2580
,Marina Del Rey,CA,90292,2580
,Los Angeles,CA,90039,2580
,Northridge,CA,91343,2580
,Los Angeles,CA,90016,2580
,Baltimore,MD,21217,2580
,Long Beach,CA,90807,2580
,Los Angeles,CA,90042,2580
,West Covina,CA,91790,2580
,Venice,CA,90291,2580
,Woodland Hills,CA,91367,2580
,Culver City,CA,90230,2580
,Culver City,CA,90230,2580
,Culver City,CA,90230,2580
,Beverly Hills,CA,90210,2580
,Los Angeles,CA,90067,2580
,Los Angeles,CA,90067,2580
,Los Angeles,CA,90056,2580
,Los Angeles,CA,90056,2580
,Los Angeles,CA,90056,2580
,Los Angeles,CA,90056,2580
,Los Angeles,CA,90056,2580
,Los Angeles,CA,90015,2580
,Los Angeles,CA,90049,2580
,Los Angeles,CA,90005,2580
,Los Angeles,CA,90008,2580
,Long Beach,CA,90803,2580
,Beverly Hills,CA,90210,2580
,ENCINO,CA,91436,2580
,Los Angeles,CA,90049,2580
,Los Angeles,CA,90049,2580
,Beverly Hills,CA,90210,2580
,Santa Monica,CA,90402,2580
,Sherman Oaks,CA,91411,2580
,Sherman Oaks,CA,91401,2580
,Whittier,CA,90603,2580
,Whittier,CA,90603,2580
,Whittier,CA,90603,2580
,Whittier,CA,90603,2580
,Whittier,CA,90603,2580
,Whittier,CA,90603,2580
,Whittier,CA,90603,2580
,Marina Del Rey,CA,90292,2580
,Waco,TX,76708,2580
,Los Angeles,CA,90034,2580
,Encino,CA,91436,2580
,Los Angeles,CA,90036,2580
,Los Angeles,CA,90036,2580
,Valley Village,CA,91607,2580
,Rolling Hills,CA,90274,2580
,Rolling Hills,CA,90274,2580
,Los Angeles,CA,90045,2580
,Los Angeles,CA,90045,2580
,Los Angeles,CA,90007,2580
,Los Angeles,CA,90026,2580
,Pasadena,CA,91105,2580
,Pacific Palisades,CA,90272,2580
,Encino,CA,91436,2580
,Los Angeles,CA,90062,2580
,Los Angeles,CA,90047,2580
,Los Angeles,CA,90047,2580
,Los Angeles,CA,90049,2580
,Valencia,CA,91354,2580
,Los Angeles,CA,90014,2580
,Los Angeles,CA,90020,2580
,Los Angeles,CA,90024,2580
,Culver City,CA,90230,2580
,Woodland Hills,CA,91367,2580
,Woodland Hills,CA,91367,2580
,Woodland Hills,CA,91367,2580
,Valencia,CA,91335,2580
,Los Angeles,CA,90043,2580
,Los Angeles,CA,90008,2580
,Los Angeles,CA,90008,2580
,Sherman Oaks,CA,91403,2580
,Los Angeles,CA,90014,2580
,Los Angeles,CA,90035,2580
,Los Angeles,CA,90012,2580
,Van Nuys,CA,91411,2580
,Burbank,CA,91505,2580
,Los Angeles,CA,90024,2580
,Pasadena,CA,91106,2580
,Pasadena,CA,91106,2580
,Los Angeles,CA,90005,2580
,South Pasadena,CA,91030,2580
,Los Angeles,CA,90036,2580
,Los Angeles,CA,90036,2580
,Malibu,CA,90265,2580
,La Habra,CA,90631,2580
,Los Angeles,CA,90008,2580
,Porter Rach,CA,91326,2580
,Los Angeles,CA,90071,2580
,Los Angeles,CA,90036,2580
,Los Angeles,CA,90024,2580
,Los Angeles,CA,90024,2580
,View Park,CA,90008,2580
,Los Angeles,CA,90008,2580
,Los Angeles,CA,90008,2580
,Los Angeles,CA,90019,2580
,Los Angeles,CA,90036,2580
,Los Angeles,CA,90035,2580
,Los Angeles,CA,90035,2580
,Los Angeles,CA,90056,2580
,Los Angeles,CA,90056,2580
,Santa Monica,CA,90403,2580
,Santa Monica,CA,90403,2580
,Las Vegas,NV,89106,2580
,Venice,CA,90291,2580
,El Segundo,CA,90245,2580
,Los Angeles,CA,90004,2580
,Seattle,WA,98134,2580
,Beverly Hills,CA,90048,2580
,Los Angeles,CA,90043,2580
,Oyster Bay,NY,11771,2580
,Oxnard,CA,93035,2580
,Walnut,CA,91789,2580
,Palos Verdes Estates,CA,90274,2580
,Huntington Beach,CA,92648,2580
,Los Angeles,CA,90004,2580
,Palos Verdes Estates,CA,90274,2580
,Los Angeles,CA,90027,2580
,Los Angeles,CA,90020,2580
,Los Angeles,NJ,90007,2580
,Los Angeles,NJ,90007,2580
,Los Angeles,CA,90012,2580
,Irvine,CA,92612,2580
,Rancho Palos Verdes,CA,90275,2580
,Los Angeles,CA,90020,2580
,Los Angeles,CA,90020,2580
,Los Angeles,CA,90020,2580
,Los Angeles,CA,90004,2580
,Newport Beach,CA,92660,2580
,Anaheim,CA,92808,2580
,Hawthorne,CA,90250,2580
,Hawthorne,CA,90250,2580
,Hawthorne,CA,90250,2580
,Hacienda Heights,CA,91745,2580
,Huntington Beach,CA,92648,2580
,Long Beach,CA,90814,2580
,Monterey Park,CA,91754,2580
,Los Angeles,CA,90045,2580
,Los Angeles,CA,90045,2580
,Monterey Park,CA,91754,2580
,Los Angeles,CA,90039,2580
,Los Angeles,CA,90064,2580
,Los Angeles,CA,90014,2580
,Los Angeles,CA,90068,2580
,LOS ANGELES,CA,90007,2580
,Los Angeles,CA,90010,2580
,Los Angeles,CA,90010,2580
,Gardena,CA,90247,2580
,Los Angeles,CA,90049,2580
,Walnut Creek,CA,94598,2580
,Sherman Oaks,CA,91423,2580
,HUNTINGTON BEACH,CA,92648,2580
,LOS ANGELES,CA,90019,2580
,Sacramento,CA,95826,2580
,Sacramento,CA,95864,2580
,Los Angeles,CA,90036,2580
,Venice,CA,90291,2580
,San Marinho,CA,91108,2580
,Eastvale,CA,92880,2580
,Laguna Niguel,CA,92677,2580
,Los Angeles,CA,90008,2580
,Los Angeles,CA,90008,2580
,Los Angeles,CA,90039,2580
,La Mirada,CA,90638,2580
,Los Angeles,CA,90004,2580
,Los Angeles,CA,90004,2580
,Los Angeles,CA,90008,2580
,Los Angeles,CA,90024,2580
,Los Angeles,CA,90015,2580
,Los Angeles,CA,90035,2580
,Santa Monica,CA,90401,2580
,Los Angeles,CA,90048,2580
,Los Angeles,CA,90048,2580
,Los Angeles,CA,90048,2580
,Pacific Palisades,CA,90272,2580
,Pacific Palisades,CA,90272,2580
,Pacific Palisades,CA,90272,2580
,Los Angeles,CA,90071,2580
,Inglewood,CA,90305,2580
,Los Angeles,CA,90008,2580
,Play Vista,CA,90094,2580
,Marina Del Rey,CA,90292,2580
,Los Angeles,CA,90043,2580
,Carson,CA,90746,2580
,Los Angeles,CA,90029,2580
,Inglewood,CA,90305,2580
,Los Angeles,CA,90016,2580
,Los Angeles,CA,90027,2580
,Los Angeles,CA,90069,2580
,Northridge,CA,91324,2580
,Los Angeles,CA,90057,2580
,Los Angeles,CA,90024,2580
,Los Angeles,CA,90025,2580
,Westlake Village,CA,91361,2580
,Rancho Palos Verdes,CA,90275,2580
,Pasadena,CA,91107,2580
,Hermosa Beach,CA,90254,2580
,Sherman Oaks,CA,91403,2580
,North Hollywood,CA,91601,2580
,Los Angeles,CA,90019,2580
,Los Angeles,CA,90048,2580
,Los Angeles,CA,90048,2580
,Long Beach,CA,90803,2580
,South Pasadena,CA,91030,2580
,Monterey Park,CA,91755,2580
,Pasadena,CA,91206,2580
,Los Angeles,CA,90012,2580
,San Gabriel,CA,91776,2580
,Los Angeles,CA,90019,2580
,Los Angeles,CA,90068,2580
,Los Angeles,CA,90071,2580
,San Pedro,CA,90732,2580
,Beverly Hills,CA,90210,2580
,Los Angeles,CA,90037,2580
,Canyon Country,CA,91343,2580
,Altadena,CA,91001,2581
,Los Angeles,CA,90049,2581
,Los Angeles,CA,90064,2581
,Los Angeles,CA,90094,2581
,Los Angeles,CA,90011,2581
,New York,NY,10038,2581
,Granada Hills,CA,91344,2581
,Norwalk,CA,90650,2581
,Los Angeles,CA,90015,2581
,Marina Del Rey,CA,90292,2581
,Downey,CA,90241,2581
,Westlake Village,CA,91362,2581
,Villa Park,CA,92861,2581
,Villa Park,CA,92861,2581
,Los Angeles,CA,90017,2581
,Malibu,CA,90265,2581
,Los Angeles,CA,90064,2581
,Chicago,IL,60611,2581
,Los Angeles,CA,90019,2581
,Los Angeles,CA,90015,2581
,Los Angeles,CA,90044,2581
,Encino,CA,91436,2581
,Encino,CA,91436,2581
,Encino,CA,91436,2581
,Encino,CA,91436,2581
,Burbank,CA,91506,2581
,Burbank,CA,91506,2581
,View Park,CA,90043,2581
,Los Angeles,CA,90056,2581
,Pacific Palisades,CA,90272,2581
,Los Angeles,CA,90013,2581
,Signal Hill,CA,90755,2581
,Porter Ranch,CA,91326,2581
,Manhattan Beach,CA,90266,2581
,Chicago,IL,60611,2581
,Chicago,IL,60610,2581
,Chicago,IL,60614,2581
,Encino,CA,91316,2581
,Encino,CA,91316,2581
,Encino,CA,91316,2581
,Encino,CA,91316,2581
,Calabasas,CA,91302,2581
,Beverly Hills,CA,90210,2581
,Los Angeles,CA,90036,2581
,Los Angeles,CA,90056,2581
,Los Angeles,CA,90065,2581
,Los Angeles,CA,90065,2581
,Los Angeles,CA,90016,2581
,Los Angeles,CA,90056,2581
,Davis,CA,95618,2581
,Los Angeles,CA,90068,2581
,Los Angeles,CA,90069,2581
,Los Angeles,CA,90023,2581
,San Marino,CA,91108,2581
,San Marino,CA,91108,2581
,Redondo Beach,CA,90278,2581
,Culver City,CA,90232,2581
,Indio,CA,92203,2581
,Beverly Hills,CA,90210,2581
,Torrance,CA,90501,2581
,Burbank,CA,91505,2581
,Los Angeles,CA,90045,2581
,Los Angeles,CA,90046,2581
,Beverly Hills,CA,90211,2581
,Los Angeles,CA,90049,2581
,Los Angeles,CA,90010,2581
,Los Angeles,CA,90010,2581
,Beverly Hills,CA,90211,2581
,Los Angeles,CA,90044,2581
,Beverly Hills,CA,90210,2581
,Los Angeles,CA,90019,2581
,Torrance,CA,90503,2581
,Pasadena,CA,91101,2581
,Los Angeles,CA,90027,2581
,Manhattan Beach,CA,90266,2581
,Saint Helena,CA,94574,2581
,Encino,CA,91316,2581
,Los Angeles,CA,90049,2581
,Inglewood,CA,90305,2581
,Los Angeles,CA,90019,2581
,Los Angeles,CA,90046,2581
,Pacific Palisades,CA,90272,2581
,Waynesboro,PA,17268,2581
,Los Angeles,CA,90046,2581
,Henderson,NV,89011,2581
,Los Angeles,CA,90017,2581
,North Hollywood,CA,91601,2581
,San Leandro,CA,94577,2581
,Bermuda Dunes,CA,92203,2581
,Los Angeles,CA,90056,2581
,Montebello,CA,90640,2581
,Pasadena,CA,91103,2581
,Carlsbad,CA,92011,2581
,Burbank,CA,91504,2581
,Carlsbad,CA,92011,2581
,Beverly Hills,CA,90212,2581
,Signal Hill,CA,90755,2581
,Los Angeles,CA,90035,2581
,El Monte,CA,91731,2581
,Diamond Bar,CA,91765,2581
,Diamond Bar,CA,91765,2581
,Diamond Bar,CA,91765,2581
,Brea,CA,92823,2581
,Los Angeles,CA,90049,2581
,Marina Del Rey,CA,90292,2581
,Huntington Beach,CA,92649,2581
,Pasadena,CA,91101,2581
,Saint Louis,MO,63127,2581
,Irvine,CA,92614,2581
,Lorton,VA,22079,2581
,Beverly Hills,CA,90211,2581
,Los Angeles,CA,90024,2581
,Los Angeles,CA,90034,2581
,Los Angeles,CA,90027,2581
,Santa Clarita,CA,91390,2581
,Santa Monica,CA,90405,2581
,Los Angeles,CA,90034,2581
,New York,NY,10176,2581
,Los Angeles,CA,90038,2581
,Los Angeles,CA,90056,2581
,Carson,CA,90746,2581
,Culver City,CA,90230,2581
,Manhattan Beach,CA,90266,2581
,West Hills,CA,91307,2581
,Malibu,CA,90265,2581
,Sherman Oaks,CA,91423,2581
,Malibu,CA,90265,2581
,Malibu,CA,90265,2581
,Malibu,CA,90265,2581
,Inglewood,CA,90301,2581
,Beverly Hills,CA,90212,2581
,Beverly Hills,CA,90212,2581
,Los Angeles,CA,90067,2581
,Glendale,CA,91203,2581
,Los Angeles,CA,90049,2581
,Los Angeles,CA,90046,2581
,Los Angeles,CA,90230,2581
,Los Angeles,CA,90015,2581
,Los Angeles,CA,90027,2581
,Tarzana,CA,91356,2581
,Newport Beach,CA,92660,2581
,Los Angeles,CA,90006,2581
,Pasadena,CA,91105,2581
,Los Angeles,CA,90010,2581
,Canoga Park,CA,91304,2581
,Denver,CO,80206,2581
,Placentia,CA,92870,2581
,Placentia,CA,92870,2581
,Summerville,SC,29485,2581
,Los Angeles,CA,90039,2581
,Manhattan Beach,CA,90266,2581
,Los Angeles,CA,90045,2581
,Los Angeles,CA,90049,2581
,Santa Monica,CA,90402,2581
,Los Angeles,CA,90048,2581
,Los Angeles,CA,90025,2581
,Irvine,CA,92618,2581
,Pasadena,CA,91105,2581
,Los Angeles,CA,90026,2581
,Los Angeles,CA,90024,2581
,Thousand Oaks,CA,91361,2581
,Westchester,CA,90045,2581
,View Park,CA,90043,2581
,Malibu,CA,90265,2581
,Olivette,MO,63132,2581
,Los Angeles,CA,90021,2581
,Lancaster,CA,93536,2581
,Beverly Hills,CA,90211,2581
,Playa Vista,CA,90094,2581
,Los Angeles,CA,90046,2581
,Montebello,CA,90640,2581
,La Canada Flintridge,CA,91011,2581
,Beverly Hills,CA,90210,2581
,Beverly Hills,CA,90210,2581
,Marina Del Rey,CA,90292,2581
,Manhattan Beach,CA,90266,2581
,Burbank,CA,91505,2581
,Los Angeles,CA,90049,2581
,Playa Del Rey,CA,90293,2581
,Los Angeles,CA,90027,2581
,Beverly Hills,CA,90210,2581
,Los Angeles,CA,90021,2581
,Los Angeles,CA,90020,2581
,Saint Louis,MO,63131,2581
,Echo Park,CA,90026,2581
,Newport Beach,CA,92660,2581
,Buena Park,CA,90620,2581
,Los Angeles,CA,90038,2581
,Pasadena,CA,91105,2581
,Arcadia,CA,91006,2581
,Valley Village,CA,91601,2581
,Los Angeles,CA,90027,2581
,Los Angeles,CA,90010,2581
,Studio City,CA,91604,2581
,Los Angeles,CA,90008,2581
,Los Angeles,CA,90024,2581
,Los Angeles,CA,90064,2581
,Pasadena,CA,91104,2581
,Los Angeles,CA,90064,2581
,Woodland Hills,CA,91367,2581
,Sherman Oaks,CA,91423,2581
,Sacramento,CA,95814,2581
,Los Angeles,CA,90025,2581
,Venice,CA,90291,2581
,Los Angeles,CA,90045,2581
,Highland Park,IL,60035,2581
,Chicago,IL,60611,2581
,Highland Park,IL,60035,2581
,Northridge,CA,91326,2581
,Pacific Palisades,CA,90272,2581
,Glendale,CA,91208,2581
,Irvine,CA,92612,2581
,Sun Valley,CA,91352,2581
,Los Angeles,CA,90012,2581
,Chicago,IL,60614,2581
,Los Angeles,CA,90035,2581
,Los Angeles,CA,90066,2581
,Los Angeles,CA,90066,2581
,Pasadena,CA,91105,2581
,West Hollywood,CA,90069,2581
,Los Angeles,CA,90046,2581
,Los Angeles,CA,90046,2581
,Harbor City,CA,90710,2581
,Wilmington,CA,90744,2581
,Los Angeles,CA,90034,2581
,Los Angeles,CA,90067,2581
,Thousand Oaks,CA,91362,2581
,Calabasas,CA,91302,2581
,Altadena,CA,91001,2581
,Los Angeles,CA,90028,2581
,North Hollywood,CA,91601,2581
,North Hollywood,CA,91601,2581
,Toluca Lake,CA,91602,2581
,Honolulu,HI,96813,2581
,Alhambra,CA,91801,2581
,North Hollywood,CA,91602,2581
,Los Angeles,CA,90043,2581
,Fullerton,CA,92833,2581
,Fullerton,CA,92833,2581
,Playa Del Rey,CA,90293,2581
,Los Angeles,CA,90026,2581
,Los Angeles,CA,90015,2581
,North Hollywood,CA,91605,2581
,Marina Del Rey,CA,90292,2581
,Beverly Hills,CA,90212,2581
,Beverly Hills,CA,90212,2581
,Beverly Hills,CA,90212,2581
,Beverly Hills,CA,90210,2581
,Newport Beach,CA,92660,2581
,Los Angeles,CA,90015,2581
,Los Angeles,CA,90068,2581
,Los Angeles,CA,90071,2581
,Los Angeles,CA,90024,2581
,Manhattan Beach,CA,90266,2581
,Los Angeles,CA,90046,2581
,Redondo Beach,CA,90277,2581
,Santa Monica,CA,90405,2581
,Hermosa Beach,CA,90254,2581
,Bell,CA,90201,2581
,San Marino,CA,91108,2581
,San Marino,CA,91108,2581
,Los Angeles,CA,90043,2581
,Beverly Hills,CA,90211,2581
,Los Angeles,CA,90012,2581
,Chicago,IL,60611,2581
,Los Angeles,CA,90041,2581
,Los Angeles,CA,90020,2581
,Agoura Hills,CA,91301,2581
,Los Angeles,CA,90004,2581
,Los Angeles,CA,90001,2581
,Floral Park,NY,11001,2581
,Murrieta,CA,92563,2581
,Encinitas,CA,92024,2581
,Lake Forest,IL,60045,2581
,Los Angeles,CA,90048,2581
,Pasadena,CA,91105,2581
,Los Angeles,CA,90066,2581
,Hidden Hills,CA,91302,2581
,Palos Verdes Estates,CA,90274,2581
,New York,NY,10014,2581
,Santa Monica,CA,90402,2581
,Los Angeles,CA,90230,2581
,Beverly Hills,CA,90212,2581
,Beverly Hills,CA,90212,2581
,Bonita,CA,91902,2581
,Laguna Beach,CA,92651,2581
,Van Nuys,CA,91406,2581
,Beverly Hills,CA,90211,2581
,San Diego,CA,92128,2581
,Diamond Bar,CA,91789,2581
,Los Angeles,CA,90016,2581
,Los Angeles,CA,90016,2581
,Huntington Beach,CA,92649,2581
,Encino,CA,91436,2581
,Costa Mesa,CA,92626,2581
,Costa Mesa,CA,92626,2581
,Costa Mesa,CA,92626,2581
,La Jolla,CA,92037,2581
,Playa Del Rey,CA,90293,2581
,Norco,CA,92860,2581
,Van Nuys,CA,91406,2581
,Los Angeles,CA,90002,2581
,Irvine,CA,92612,2581
,Santa Monica,CA,90402,2581
,Santa Clarita,CA,91350,2581
,Saint Louis,MO,63146,2581
,Los Angeles,CA,90024,2581
,Saint Louis,MO,63146,2581
,Saint Louis,MO,63146,2581
,Chino Hills,CA,91709,2581
,Saint Charles,MO,63301,2581
,Irvine,CA,92620,2581
,Irvine,CA,92620,2581
,Los Angeles,CA,90048,2581
,W Hollywood,CA,90069,2581
,Hazard,CA,90063,2581
,Los Angeles,CA,90017,2581
,Beverly Hills,CA,90210,2581
,Beverly Hills,CA,90210,2581
,Los Angeles,CA,90017,2581
,Anaheim,CA,92808,2581
,Los Angeles,CA,90066,2581
,Palos Verdes Estates,CA,90274,2581
,Los Angeles,CA,90048,2581
,Great Falls,VA,22066,2581
,Beverly Hills,CA,90212,2581
,Los Angeles,CA,90045,2581
,Manhattan Beach,CA,90266,2581
,Manhattan Beach,CA,90266,2581
,Los Angeles,CA,90017,2581
,Los Angeles,CA,90036,2581
,Redondo Beach,CA,90278,2581
,Hermosa Beach,CA,90254,2581
,Los Angeles,CA,90012,2581
,Porter Ranch,CA,91326,2581
,San Marino,CA,91108,2581
,Los Angeles,CA,90033,2581
,Culver City,CA,90230,2581
,Claremont,CA,91711,2581
,Claremont,CA,91711,2581
,Los Angeles,CA,90045,2581
,Huntington Beach,CA,92648,2581
,Sun Valley,CA,91352,2581
,Playa Del Rey,CA,90293,2581
,Los Angeles,CA,90047,2581
,Santa Monica,CA,90402,2581
,Los Angeles,CA,90064,2581
,Los Angeles,CA,90047,2581
,Los Angeles,CA,90008,2581
,Mission Hills,CA,91345,2581
,Santa Monica,CA,90401,2581
,Los Angeles,CA,90036,2581
,Lancaster,CA,93536,2581
,City Of Industry,CA,91748,2581
,Los Angeles,CA,90017,2581
,Yorba Linda,CA,92886,2581
,Los Angeles,CA,90049,2581
,Culver City,CA,90232,2581
,Los Angeles,CA,90021,2581
,Los Angeles,CA,90062,2581
,West Hills,CA,91307,2581
,Woodland,CA,95695,2578
